timestamp,holiday_flag,event_flag,holiday_name,event_name,temp_c,rain_mm,is_weekend
2026-01-01 11:00:00,1,0,Public Holiday,,27.5,0.0,0
2026-01-01 12:00:00,1,0,Public Holiday,,29.3,0.0,0
2026-01-01 13:00:00,1,0,Public Holiday,,37.9,0.0,0
2026-01-01 14:00:00,1,0,Public Holiday,,33.8,0.0,0
2026-01-01 15:00:00,1,0,Public Holiday,,27.7,0.0,0
2026-01-01 16:00:00,1,0,Public Holiday,,27.7,0.0,0
2026-01-01 17:00:00,1,0,Public Holiday,,19.9,0.0,0
2026-01-01 18:00:00,1,0,Public Holiday,,26.6,0.0,0
2026-01-01 19:00:00,1,1,Public Holiday,Local Event,25.3,0.0,0
2026-01-01 20:00:00,1,0,Public Holiday,,17.9,0.0,0
2026-01-01 21:00:00,1,0,Public Holiday,,22.0,0.0,0
2026-01-01 22:00:00,1,0,Public Holiday,,23.5,0.0,0
2026-01-02 11:00:00,0,0,,,29.1,0.0,1
2026-01-02 12:00:00,0,0,,,23.9,0.0,1
2026-01-02 13:00:00,0,0,,,33.7,0.0,1
2026-01-02 14:00:00,0,0,,,30.9,0.0,1
2026-01-02 15:00:00,0,0,,,22.6,0.0,1
2026-01-02 16:00:00,0,0,,,26.4,0.0,1
2026-01-02 17:00:00,0,0,,,26.6,0.0,1
2026-01-02 18:00:00,0,0,,,23.1,0.0,1
2026-01-02 19:00:00,0,0,,,30.2,0.0,1
2026-01-02 20:00:00,0,0,,,29.7,0.0,1
2026-01-02 21:00:00,0,0,,,26.7,0.0,1
2026-01-02 22:00:00,0,0,,,29.9,0.0,1
2026-01-03 11:00:00,0,0,,,29.1,0.0,1
2026-01-03 12:00:00,0,0,,,36.8,0.0,1
2026-01-03 13:00:00,0,0,,,31.8,0.0,1
2026-01-03 14:00:00,0,0,,,37.7,0.0,1
2026-01-03 15:00:00,0,0,,,30.4,0.0,1
2026-01-03 16:00:00,0,0,,,28.5,0.0,1
2026-01-03 17:00:00,0,0,,,32.4,0.0,1
2026-01-03 18:00:00,0,0,,,22.4,0.0,1
2026-01-03 19:00:00,0,0,,,29.6,0.0,1
2026-01-03 20:00:00,0,0,,,26.6,0.0,1
2026-01-03 21:00:00,0,0,,,21.5,0.0,1
2026-01-03 22:00:00,0,0,,,23.4,0.0,1
2026-01-04 11:00:00,0,0,,,25.0,0.0,1
2026-01-04 12:00:00,0,0,,,28.8,0.0,1
2026-01-04 13:00:00,0,0,,,29.2,0.0,1
2026-01-04 14:00:00,0,0,,,32.0,0.0,1
2026-01-04 15:00:00,0,1,,Local Event,20.4,0.0,1
2026-01-04 16:00:00,0,0,,,29.9,0.0,1
2026-01-04 17:00:00,0,0,,,24.0,0.0,1
2026-01-04 18:00:00,0,0,,,26.5,5.0,1
2026-01-04 19:00:00,0,0,,,30.7,0.0,1
2026-01-04 20:00:00,0,0,,,28.8,0.0,1
2026-01-04 21:00:00,0,0,,,27.9,0.0,1
2026-01-04 22:00:00,0,0,,,36.0,0.0,1
2026-01-05 11:00:00,0,1,,Local Event,25.5,0.0,0
2026-01-05 12:00:00,0,0,,,27.5,0.0,0
2026-01-05 13:00:00,0,0,,,24.7,0.0,0
2026-01-05 14:00:00,0,0,,,32.4,0.0,0
2026-01-05 15:00:00,0,0,,,26.1,0.0,0
2026-01-05 16:00:00,0,0,,,28.4,0.0,0
2026-01-05 17:00:00,0,0,,,26.1,0.0,0
2026-01-05 18:00:00,0,0,,,31.5,0.0,0
2026-01-05 19:00:00,0,0,,,26.3,0.0,0
2026-01-05 20:00:00,0,0,,,28.9,0.0,0
2026-01-05 21:00:00,0,0,,,26.3,0.0,0
2026-01-05 22:00:00,0,0,,,26.7,0.0,0
2026-01-06 11:00:00,0,0,,,26.5,0.0,0
2026-01-06 12:00:00,0,0,,,26.4,0.0,0
2026-01-06 13:00:00,0,0,,,24.0,0.0,0
2026-01-06 14:00:00,0,0,,,33.3,0.0,0
2026-01-06 15:00:00,0,0,,,34.8,0.0,0
2026-01-06 16:00:00,0,0,,,32.1,0.0,0
2026-01-06 17:00:00,0,0,,,20.6,5.0,0
2026-01-06 18:00:00,0,0,,,20.9,0.0,0
2026-01-06 19:00:00,0,0,,,25.1,0.0,0
2026-01-06 20:00:00,0,0,,,32.3,0.0,0
2026-01-06 21:00:00,0,0,,,19.6,0.0,0
2026-01-06 22:00:00,0,0,,,27.4,0.0,0
2026-01-07 11:00:00,0,0,,,27.4,5.0,0
2026-01-07 12:00:00,0,0,,,29.6,0.0,0
2026-01-07 13:00:00,0,0,,,27.8,0.0,0
2026-01-07 14:00:00,0,0,,,34.3,0.0,0
2026-01-07 15:00:00,0,0,,,25.6,0.0,0
2026-01-07 16:00:00,0,0,,,30.8,0.0,0
2026-01-07 17:00:00,0,0,,,26.8,0.0,0
2026-01-07 18:00:00,0,0,,,27.8,0.0,0
2026-01-07 19:00:00,0,0,,,27.6,0.0,0
2026-01-07 20:00:00,0,0,,,27.6,0.0,0
2026-01-07 21:00:00,0,0,,,27.9,0.0,0
2026-01-07 22:00:00,0,0,,,30.7,0.0,0
2026-01-08 11:00:00,0,1,,Local Event,21.1,0.0,0
2026-01-08 12:00:00,0,0,,,28.8,0.0,0
2026-01-08 13:00:00,0,1,,Local Event,33.4,0.0,0
2026-01-08 14:00:00,0,0,,,21.9,0.0,0
2026-01-08 15:00:00,0,0,,,30.3,0.0,0
2026-01-08 16:00:00,0,0,,,24.6,0.0,0
2026-01-08 17:00:00,0,0,,,25.2,0.0,0
2026-01-08 18:00:00,0,0,,,21.7,0.0,0
2026-01-08 19:00:00,0,0,,,14.9,0.0,0
2026-01-08 20:00:00,0,0,,,25.9,0.0,0
2026-01-08 21:00:00,0,0,,,27.5,0.0,0
2026-01-08 22:00:00,0,0,,,29.3,0.0,0
2026-01-09 11:00:00,0,0,,,33.8,0.0,1
2026-01-09 12:00:00,0,0,,,32.0,5.0,1
2026-01-09 13:00:00,0,0,,,40.6,0.0,1
2026-01-09 14:00:00,0,0,,,35.2,0.0,1
2026-01-09 15:00:00,0,0,,,32.2,0.0,1
2026-01-09 16:00:00,0,0,,,33.9,0.0,1
2026-01-09 17:00:00,0,0,,,23.7,0.0,1
2026-01-09 18:00:00,0,1,,Local Event,18.8,0.0,1
2026-01-09 19:00:00,0,0,,,32.2,0.0,1
2026-01-09 20:00:00,0,0,,,17.8,0.0,1
2026-01-09 21:00:00,0,0,,,26.0,0.0,1
2026-01-09 22:00:00,0,0,,,22.0,0.0,1
2026-01-10 11:00:00,0,0,,,32.9,0.0,1
2026-01-10 12:00:00,0,0,,,23.8,0.0,1
2026-01-10 13:00:00,0,0,,,31.4,0.0,1
2026-01-10 14:00:00,0,1,,Local Event,26.9,0.0,1
2026-01-10 15:00:00,0,0,,,27.1,0.0,1
2026-01-10 16:00:00,0,0,,,34.2,0.0,1
2026-01-10 17:00:00,0,0,,,29.1,0.0,1
2026-01-10 18:00:00,0,0,,,28.1,0.0,1
2026-01-10 19:00:00,0,0,,,24.9,0.0,1
2026-01-10 20:00:00,0,0,,,25.6,0.0,1
2026-01-10 21:00:00,0,0,,,23.9,0.0,1
2026-01-10 22:00:00,0,0,,,30.5,0.0,1
2026-01-11 11:00:00,0,0,,,31.5,0.0,1
2026-01-11 12:00:00,0,1,,Local Event,30.1,0.0,1
2026-01-11 13:00:00,0,0,,,31.6,5.0,1
2026-01-11 14:00:00,0,0,,,29.3,0.0,1
2026-01-11 15:00:00,0,0,,,25.0,0.0,1
2026-01-11 16:00:00,0,0,,,23.9,0.0,1
2026-01-11 17:00:00,0,0,,,24.9,0.0,1
2026-01-11 18:00:00,0,0,,,20.5,0.0,1
2026-01-11 19:00:00,0,0,,,20.9,0.0,1
2026-01-11 20:00:00,0,0,,,23.4,0.0,1
2026-01-11 21:00:00,0,0,,,26.2,0.0,1
2026-01-11 22:00:00,0,0,,,22.5,0.0,1
2026-01-12 11:00:00,0,0,,,17.8,0.0,0
2026-01-12 12:00:00,0,0,,,23.0,5.0,0
2026-01-12 13:00:00,0,0,,,26.4,0.0,0
2026-01-12 14:00:00,0,0,,,28.9,0.0,0
2026-01-12 15:00:00,0,0,,,29.9,0.0,0
2026-01-12 16:00:00,0,0,,,25.0,0.0,0
2026-01-12 17:00:00,0,0,,,26.6,0.0,0
2026-01-12 18:00:00,0,0,,,20.9,5.0,0
2026-01-12 19:00:00,0,0,,,28.5,0.0,0
2026-01-12 20:00:00,0,0,,,23.0,0.0,0
2026-01-12 21:00:00,0,0,,,26.1,0.0,0
2026-01-12 22:00:00,0,0,,,25.1,5.0,0
2026-01-13 11:00:00,0,0,,,32.3,0.0,0
2026-01-13 12:00:00,0,0,,,34.8,0.0,0
2026-01-13 13:00:00,0,0,,,40.9,0.0,0
2026-01-13 14:00:00,0,0,,,26.0,0.0,0
2026-01-13 15:00:00,0,0,,,26.2,5.0,0
2026-01-13 16:00:00,0,0,,,30.8,0.0,0
2026-01-13 17:00:00,0,0,,,29.8,0.0,0
2026-01-13 18:00:00,0,0,,,22.1,0.0,0
2026-01-13 19:00:00,0,0,,,18.4,0.0,0
2026-01-13 20:00:00,0,1,,Local Event,34.2,0.0,0
2026-01-13 21:00:00,0,0,,,30.9,5.0,0
2026-01-13 22:00:00,0,0,,,22.7,0.0,0
2026-01-14 11:00:00,0,0,,,24.4,0.0,0
2026-01-14 12:00:00,0,0,,,36.2,0.0,0
2026-01-14 13:00:00,0,0,,,30.0,0.0,0
2026-01-14 14:00:00,0,0,,,30.2,0.0,0
2026-01-14 15:00:00,0,0,,,24.7,5.0,0
2026-01-14 16:00:00,0,0,,,29.3,0.0,0
2026-01-14 17:00:00,0,0,,,17.3,0.0,0
2026-01-14 18:00:00,0,0,,,31.4,0.0,0
2026-01-14 19:00:00,0,0,,,30.9,0.0,0
2026-01-14 20:00:00,0,0,,,25.3,0.0,0
2026-01-14 21:00:00,0,0,,,28.2,0.0,0
2026-01-14 22:00:00,0,1,,Local Event,31.8,0.0,0
2026-01-15 11:00:00,0,0,,,30.3,0.0,0
2026-01-15 12:00:00,0,0,,,21.2,0.0,0
2026-01-15 13:00:00,0,0,,,37.5,0.0,0
2026-01-15 14:00:00,0,0,,,30.4,0.0,0
2026-01-15 15:00:00,0,0,,,21.5,0.0,0
2026-01-15 16:00:00,0,0,,,29.7,0.0,0
2026-01-15 17:00:00,0,0,,,18.5,0.0,0
2026-01-15 18:00:00,0,0,,,28.3,0.0,0
2026-01-15 19:00:00,0,0,,,26.8,0.0,0
2026-01-15 20:00:00,0,0,,,20.3,0.0,0
2026-01-15 21:00:00,0,1,,Local Event,20.1,0.0,0
2026-01-15 22:00:00,0,0,,,27.5,0.0,0
2026-01-16 11:00:00,0,0,,,24.5,0.0,1
2026-01-16 12:00:00,0,0,,,24.8,0.0,1
2026-01-16 13:00:00,0,0,,,26.5,0.0,1
2026-01-16 14:00:00,0,0,,,31.1,0.0,1
2026-01-16 15:00:00,0,0,,,33.1,0.0,1
2026-01-16 16:00:00,0,0,,,33.8,0.0,1
2026-01-16 17:00:00,0,0,,,17.4,0.0,1
2026-01-16 18:00:00,0,0,,,31.8,0.0,1
2026-01-16 19:00:00,0,0,,,27.9,0.0,1
2026-01-16 20:00:00,0,0,,,26.6,0.0,1
2026-01-16 21:00:00,0,0,,,17.0,0.0,1
2026-01-16 22:00:00,0,0,,,26.0,0.0,1
2026-01-17 11:00:00,0,0,,,21.8,0.0,1
2026-01-17 12:00:00,0,0,,,24.6,0.0,1
2026-01-17 13:00:00,0,0,,,30.0,0.0,1
2026-01-17 14:00:00,0,0,,,37.4,0.0,1
2026-01-17 15:00:00,0,0,,,24.8,0.0,1
2026-01-17 16:00:00,0,0,,,29.0,0.0,1
2026-01-17 17:00:00,0,0,,,18.0,0.0,1
2026-01-17 18:00:00,0,0,,,27.8,0.0,1
2026-01-17 19:00:00,0,0,,,22.0,0.0,1
2026-01-17 20:00:00,0,0,,,20.7,0.0,1
2026-01-17 21:00:00,0,0,,,26.4,0.0,1
2026-01-17 22:00:00,0,0,,,24.7,5.0,1
2026-01-18 11:00:00,0,0,,,22.1,0.0,1
2026-01-18 12:00:00,0,0,,,33.8,0.0,1
2026-01-18 13:00:00,0,0,,,21.7,0.0,1
2026-01-18 14:00:00,0,0,,,32.7,0.0,1
2026-01-18 15:00:00,0,0,,,21.9,0.0,1
2026-01-18 16:00:00,0,0,,,30.2,0.0,1
2026-01-18 17:00:00,0,0,,,24.7,0.0,1
2026-01-18 18:00:00,0,0,,,18.9,0.0,1
2026-01-18 19:00:00,0,0,,,30.0,0.0,1
2026-01-18 20:00:00,0,0,,,22.1,0.0,1
2026-01-18 21:00:00,0,0,,,12.6,0.0,1
2026-01-18 22:00:00,0,0,,,21.0,0.0,1
2026-01-19 11:00:00,0,0,,,26.9,0.0,0
2026-01-19 12:00:00,0,0,,,27.0,0.0,0
2026-01-19 13:00:00,0,0,,,35.8,0.0,0
2026-01-19 14:00:00,0,0,,,31.3,0.0,0
2026-01-19 15:00:00,0,0,,,32.0,0.0,0
2026-01-19 16:00:00,0,0,,,27.9,0.0,0
2026-01-19 17:00:00,0,0,,,31.0,0.0,0
2026-01-19 18:00:00,0,0,,,23.0,0.0,0
2026-01-19 19:00:00,0,0,,,25.1,0.0,0
2026-01-19 20:00:00,0,0,,,33.4,0.0,0
2026-01-19 21:00:00,0,0,,,26.2,0.0,0
2026-01-19 22:00:00,0,0,,,28.9,0.0,0
2026-01-20 11:00:00,0,0,,,26.7,0.0,0
2026-01-20 12:00:00,0,0,,,27.9,0.0,0
2026-01-20 13:00:00,0,0,,,27.7,0.0,0
2026-01-20 14:00:00,0,0,,,25.8,0.0,0
2026-01-20 15:00:00,0,0,,,32.4,0.0,0
2026-01-20 16:00:00,0,0,,,31.7,0.0,0
2026-01-20 17:00:00,0,0,,,23.7,0.0,0
2026-01-20 18:00:00,0,0,,,20.1,0.0,0
2026-01-20 19:00:00,0,0,,,29.3,0.0,0
2026-01-20 20:00:00,0,0,,,31.8,0.0,0
2026-01-20 21:00:00,0,0,,,16.1,0.0,0
2026-01-20 22:00:00,0,0,,,32.5,0.0,0
2026-01-21 11:00:00,0,0,,,37.2,0.0,0
2026-01-21 12:00:00,0,0,,,30.6,0.0,0
2026-01-21 13:00:00,0,0,,,32.4,0.0,0
2026-01-21 14:00:00,0,0,,,31.1,0.0,0
2026-01-21 15:00:00,0,0,,,38.0,0.0,0
2026-01-21 16:00:00,0,0,,,27.4,0.0,0
2026-01-21 17:00:00,0,0,,,25.3,0.0,0
2026-01-21 18:00:00,0,0,,,30.5,0.0,0
2026-01-21 19:00:00,0,0,,,19.9,0.0,0
2026-01-21 20:00:00,0,0,,,16.7,0.0,0
2026-01-21 21:00:00,0,0,,,23.3,0.0,0
2026-01-21 22:00:00,0,0,,,33.3,0.0,0
2026-01-22 11:00:00,0,0,,,11.5,0.0,0
2026-01-22 12:00:00,0,0,,,29.7,0.0,0
2026-01-22 13:00:00,0,0,,,28.7,0.0,0
2026-01-22 14:00:00,0,0,,,24.5,0.0,0
2026-01-22 15:00:00,0,0,,,30.1,0.0,0
2026-01-22 16:00:00,0,0,,,29.9,0.0,0
2026-01-22 17:00:00,0,0,,,24.8,0.0,0
2026-01-22 18:00:00,0,0,,,22.3,0.0,0
2026-01-22 19:00:00,0,0,,,11.7,0.0,0
2026-01-22 20:00:00,0,0,,,30.5,0.0,0
2026-01-22 21:00:00,0,0,,,18.0,0.0,0
2026-01-22 22:00:00,0,0,,,21.1,0.0,0
2026-01-23 11:00:00,0,0,,,29.7,0.0,1
2026-01-23 12:00:00,0,0,,,36.4,0.0,1
2026-01-23 13:00:00,0,0,,,27.4,0.0,1
2026-01-23 14:00:00,0,0,,,32.4,0.0,1
2026-01-23 15:00:00,0,0,,,33.6,0.0,1
2026-01-23 16:00:00,0,0,,,32.2,0.0,1
2026-01-23 17:00:00,0,0,,,28.0,0.0,1
2026-01-23 18:00:00,0,1,,Local Event,23.5,0.0,1
2026-01-23 19:00:00,0,0,,,26.6,0.0,1
2026-01-23 20:00:00,0,0,,,18.7,0.0,1
2026-01-23 21:00:00,0,0,,,21.5,0.0,1
2026-01-23 22:00:00,0,0,,,18.0,0.0,1
2026-01-24 11:00:00,0,0,,,14.6,0.0,1
2026-01-24 12:00:00,0,0,,,38.5,0.0,1
2026-01-24 13:00:00,0,0,,,29.8,0.0,1
2026-01-24 14:00:00,0,1,,Local Event,35.5,0.0,1
2026-01-24 15:00:00,0,0,,,31.5,0.0,1
2026-01-24 16:00:00,0,0,,,21.4,0.0,1
2026-01-24 17:00:00,0,0,,,25.1,0.0,1
2026-01-24 18:00:00,0,0,,,26.7,0.0,1
2026-01-24 19:00:00,0,0,,,26.0,0.0,1
2026-01-24 20:00:00,0,0,,,20.1,0.0,1
2026-01-24 21:00:00,0,0,,,26.3,0.0,1
2026-01-24 22:00:00,0,0,,,29.9,0.0,1
2026-01-25 11:00:00,0,1,,Local Event,15.8,0.0,1
2026-01-25 12:00:00,0,0,,,23.6,0.0,1
2026-01-25 13:00:00,0,0,,,30.9,0.0,1
2026-01-25 14:00:00,0,0,,,26.2,0.0,1
2026-01-25 15:00:00,0,0,,,25.1,0.0,1
2026-01-25 16:00:00,0,0,,,35.3,0.0,1
2026-01-25 17:00:00,0,0,,,20.7,0.0,1
2026-01-25 18:00:00,0,0,,,28.5,0.0,1
2026-01-25 19:00:00,0,0,,,37.8,0.0,1
2026-01-25 20:00:00,0,0,,,24.5,0.0,1
2026-01-25 21:00:00,0,0,,,24.8,0.0,1
2026-01-25 22:00:00,0,0,,,33.9,0.0,1
2026-01-26 11:00:00,0,0,,,28.2,0.0,0
2026-01-26 12:00:00,0,0,,,34.9,0.0,0
2026-01-26 13:00:00,0,0,,,29.6,0.0,0
2026-01-26 14:00:00,0,0,,,33.1,0.0,0
2026-01-26 15:00:00,0,0,,,32.8,0.0,0
2026-01-26 16:00:00,0,0,,,35.4,0.0,0
2026-01-26 17:00:00,0,0,,,27.1,0.0,0
2026-01-26 18:00:00,0,1,,Local Event,26.0,0.0,0
2026-01-26 19:00:00,0,0,,,19.6,0.0,0
2026-01-26 20:00:00,0,0,,,30.3,0.0,0
2026-01-26 21:00:00,0,0,,,25.1,0.0,0
2026-01-26 22:00:00,0,0,,,25.1,0.0,0
2026-01-27 11:00:00,0,0,,,22.8,0.0,0
2026-01-27 12:00:00,0,0,,,28.5,0.0,0
2026-01-27 13:00:00,0,0,,,29.1,0.0,0
2026-01-27 14:00:00,0,0,,,27.8,0.0,0
2026-01-27 15:00:00,0,1,,Local Event,31.3,0.0,0
2026-01-27 16:00:00,0,1,,Local Event,34.4,0.0,0
2026-01-27 17:00:00,0,0,,,25.4,0.0,0
2026-01-27 18:00:00,0,0,,,30.3,15.0,0
2026-01-27 19:00:00,0,0,,,22.4,0.0,0
2026-01-27 20:00:00,0,0,,,32.0,0.0,0
2026-01-27 21:00:00,0,0,,,22.8,0.0,0
2026-01-27 22:00:00,0,0,,,32.3,0.0,0
2026-01-28 11:00:00,0,0,,,18.3,0.0,0
2026-01-28 12:00:00,0,1,,Local Event,25.4,0.0,0
2026-01-28 13:00:00,0,0,,,29.8,0.0,0
2026-01-28 14:00:00,0,0,,,31.2,0.0,0
2026-01-28 15:00:00,0,0,,,34.9,0.0,0
2026-01-28 16:00:00,0,0,,,28.9,0.0,0
2026-01-28 17:00:00,0,0,,,25.8,0.0,0
2026-01-28 18:00:00,0,0,,,27.5,0.0,0
2026-01-28 19:00:00,0,0,,,21.9,0.0,0
2026-01-28 20:00:00,0,0,,,22.2,0.0,0
2026-01-28 21:00:00,0,0,,,32.1,0.0,0
2026-01-28 22:00:00,0,0,,,22.1,0.0,0
2026-01-29 11:00:00,0,0,,,26.0,0.0,0
2026-01-29 12:00:00,0,0,,,22.4,0.0,0
2026-01-29 13:00:00,0,0,,,26.9,0.0,0
2026-01-29 14:00:00,0,0,,,28.1,0.0,0
2026-01-29 15:00:00,0,0,,,33.3,0.0,0
2026-01-29 16:00:00,0,0,,,40.1,0.0,0
2026-01-29 17:00:00,0,0,,,24.8,0.0,0
2026-01-29 18:00:00,0,0,,,34.0,0.0,0
2026-01-29 19:00:00,0,0,,,24.9,0.0,0
2026-01-29 20:00:00,0,0,,,30.9,0.0,0
2026-01-29 21:00:00,0,0,,,28.4,0.0,0
2026-01-29 22:00:00,0,0,,,34.2,0.0,0
2026-01-30 11:00:00,0,0,,,29.1,0.0,1
2026-01-30 12:00:00,0,0,,,32.5,0.0,1
2026-01-30 13:00:00,0,0,,,29.2,0.0,1
2026-01-30 14:00:00,0,0,,,30.7,0.0,1
2026-01-30 15:00:00,0,0,,,30.1,0.0,1
2026-01-30 16:00:00,0,0,,,36.4,0.0,1
2026-01-30 17:00:00,0,0,,,18.2,0.0,1
2026-01-30 18:00:00,0,0,,,28.7,0.0,1
2026-01-30 19:00:00,0,0,,,26.2,5.0,1
2026-01-30 20:00:00,0,0,,,32.9,0.0,1
2026-01-30 21:00:00,0,0,,,22.8,0.0,1
2026-01-30 22:00:00,0,0,,,26.0,0.0,1
2026-01-31 11:00:00,0,0,,,31.0,0.0,1
2026-01-31 12:00:00,0,0,,,22.4,5.0,1
2026-01-31 13:00:00,0,1,,Local Event,27.2,0.0,1
2026-01-31 14:00:00,0,0,,,31.9,0.0,1
2026-01-31 15:00:00,0,0,,,37.8,0.0,1
2026-01-31 16:00:00,0,0,,,29.7,0.0,1
2026-01-31 17:00:00,0,0,,,17.8,0.0,1
2026-01-31 18:00:00,0,0,,,14.0,0.0,1
2026-01-31 19:00:00,0,0,,,26.2,0.0,1
2026-01-31 20:00:00,0,0,,,22.2,5.0,1
2026-01-31 21:00:00,0,0,,,28.3,0.0,1
2026-01-31 22:00:00,0,0,,,24.5,0.0,1
2026-02-01 11:00:00,0,0,,,24.8,0.0,1
2026-02-01 12:00:00,0,1,,Local Event,31.2,0.0,1
2026-02-01 13:00:00,0,0,,,23.7,0.0,1
2026-02-01 14:00:00,0,0,,,37.2,5.0,1
2026-02-01 15:00:00,0,0,,,31.7,0.0,1
2026-02-01 16:00:00,0,0,,,32.3,0.0,1
2026-02-01 17:00:00,0,0,,,26.0,0.0,1
2026-02-01 18:00:00,0,0,,,28.5,0.0,1
2026-02-01 19:00:00,0,0,,,21.6,0.0,1
2026-02-01 20:00:00,0,0,,,34.0,0.0,1
2026-02-01 21:00:00,0,0,,,29.2,0.0,1
2026-02-01 22:00:00,0,0,,,21.7,0.0,1
2026-02-02 11:00:00,0,0,,,22.7,0.0,0
2026-02-02 12:00:00,0,0,,,17.9,0.0,0
2026-02-02 13:00:00,0,0,,,25.2,0.0,0
2026-02-02 14:00:00,0,0,,,29.8,0.0,0
2026-02-02 15:00:00,0,1,,Local Event,37.5,0.0,0
2026-02-02 16:00:00,0,0,,,34.4,0.0,0
2026-02-02 17:00:00,0,0,,,23.8,0.0,0
2026-02-02 18:00:00,0,0,,,21.6,0.0,0
2026-02-02 19:00:00,0,0,,,34.0,0.0,0
2026-02-02 20:00:00,0,0,,,28.2,0.0,0
2026-02-02 21:00:00,0,0,,,32.0,0.0,0
2026-02-02 22:00:00,0,0,,,29.6,0.0,0
2026-02-03 11:00:00,0,0,,,28.5,0.0,0
2026-02-03 12:00:00,0,0,,,32.0,0.0,0
2026-02-03 13:00:00,0,0,,,36.6,0.0,0
2026-02-03 14:00:00,0,0,,,31.0,0.0,0
2026-02-03 15:00:00,0,0,,,26.7,0.0,0
2026-02-03 16:00:00,0,0,,,27.6,5.0,0
2026-02-03 17:00:00,0,0,,,27.6,0.0,0
2026-02-03 18:00:00,0,0,,,22.1,0.0,0
2026-02-03 19:00:00,0,0,,,25.2,0.0,0
2026-02-03 20:00:00,0,1,,Local Event,25.6,0.0,0
2026-02-03 21:00:00,0,0,,,23.7,0.0,0
2026-02-03 22:00:00,0,0,,,16.7,0.0,0
2026-02-04 11:00:00,0,1,,Local Event,18.9,5.0,0
2026-02-04 12:00:00,0,0,,,22.7,0.0,0
2026-02-04 13:00:00,0,0,,,38.4,0.0,0
2026-02-04 14:00:00,0,0,,,27.7,0.0,0
2026-02-04 15:00:00,0,0,,,33.3,0.0,0
2026-02-04 16:00:00,0,0,,,22.1,0.0,0
2026-02-04 17:00:00,0,0,,,21.9,0.0,0
2026-02-04 18:00:00,0,0,,,27.0,0.0,0
2026-02-04 19:00:00,0,0,,,24.9,0.0,0
2026-02-04 20:00:00,0,0,,,30.9,0.0,0
2026-02-04 21:00:00,0,0,,,30.7,0.0,0
2026-02-04 22:00:00,0,0,,,16.3,5.0,0
2026-02-05 11:00:00,0,0,,,18.5,0.0,0
2026-02-05 12:00:00,0,0,,,35.8,5.0,0
2026-02-05 13:00:00,0,0,,,30.4,0.0,0
2026-02-05 14:00:00,0,0,,,23.6,0.0,0
2026-02-05 15:00:00,0,0,,,37.5,0.0,0
2026-02-05 16:00:00,0,0,,,34.3,0.0,0
2026-02-05 17:00:00,0,0,,,23.4,0.0,0
2026-02-05 18:00:00,0,0,,,35.4,0.0,0
2026-02-05 19:00:00,0,0,,,23.7,0.0,0
2026-02-05 20:00:00,0,0,,,24.0,0.0,0
2026-02-05 21:00:00,0,0,,,28.7,0.0,0
2026-02-05 22:00:00,0,0,,,24.6,0.0,0
2026-02-06 11:00:00,0,0,,,29.6,0.0,1
2026-02-06 12:00:00,0,0,,,31.7,0.0,1
2026-02-06 13:00:00,0,0,,,35.5,0.0,1
2026-02-06 14:00:00,0,0,,,24.8,5.0,1
2026-02-06 15:00:00,0,0,,,26.9,0.0,1
2026-02-06 16:00:00,0,0,,,39.6,0.0,1
2026-02-06 17:00:00,0,0,,,25.8,0.0,1
2026-02-06 18:00:00,0,0,,,26.8,0.0,1
2026-02-06 19:00:00,0,0,,,30.5,0.0,1
2026-02-06 20:00:00,0,0,,,30.9,0.0,1
2026-02-06 21:00:00,0,1,,Local Event,26.5,15.0,1
2026-02-06 22:00:00,0,0,,,21.2,5.0,1
2026-02-07 11:00:00,0,0,,,26.6,0.0,1
2026-02-07 12:00:00,0,0,,,32.1,0.0,1
2026-02-07 13:00:00,0,0,,,35.9,0.0,1
2026-02-07 14:00:00,0,0,,,23.9,0.0,1
2026-02-07 15:00:00,0,1,,Local Event,29.2,0.0,1
2026-02-07 16:00:00,0,0,,,30.6,0.0,1
2026-02-07 17:00:00,0,0,,,33.0,0.0,1
2026-02-07 18:00:00,0,0,,,20.8,0.0,1
2026-02-07 19:00:00,0,0,,,33.2,0.0,1
2026-02-07 20:00:00,0,0,,,30.0,0.0,1
2026-02-07 21:00:00,0,0,,,12.5,0.0,1
2026-02-07 22:00:00,0,0,,,36.5,0.0,1
2026-02-08 11:00:00,0,0,,,30.1,0.0,1
2026-02-08 12:00:00,0,0,,,42.2,0.0,1
2026-02-08 13:00:00,0,0,,,33.8,0.0,1
2026-02-08 14:00:00,0,0,,,31.4,0.0,1
2026-02-08 15:00:00,0,0,,,26.2,0.0,1
2026-02-08 16:00:00,0,0,,,28.6,0.0,1
2026-02-08 17:00:00,0,0,,,25.9,0.0,1
2026-02-08 18:00:00,0,0,,,32.0,0.0,1
2026-02-08 19:00:00,0,0,,,20.1,0.0,1
2026-02-08 20:00:00,0,0,,,23.9,0.0,1
2026-02-08 21:00:00,0,0,,,22.0,0.0,1
2026-02-08 22:00:00,0,0,,,26.6,5.0,1
2026-02-09 11:00:00,0,0,,,26.1,0.0,0
2026-02-09 12:00:00,0,0,,,36.8,5.0,0
2026-02-09 13:00:00,0,0,,,30.2,0.0,0
2026-02-09 14:00:00,0,0,,,30.2,0.0,0
2026-02-09 15:00:00,0,0,,,23.8,0.0,0
2026-02-09 16:00:00,0,0,,,26.5,0.0,0
2026-02-09 17:00:00,0,0,,,21.6,0.0,0
2026-02-09 18:00:00,0,0,,,26.4,0.0,0
2026-02-09 19:00:00,0,0,,,28.2,0.0,0
2026-02-09 20:00:00,0,0,,,27.1,0.0,0
2026-02-09 21:00:00,0,0,,,29.8,0.0,0
2026-02-09 22:00:00,0,0,,,36.1,0.0,0
2026-02-10 11:00:00,0,0,,,21.0,0.0,0
2026-02-10 12:00:00,0,0,,,38.2,0.0,0
2026-02-10 13:00:00,0,0,,,32.8,0.0,0
2026-02-10 14:00:00,0,0,,,38.1,0.0,0
2026-02-10 15:00:00,0,0,,,27.1,0.0,0
2026-02-10 16:00:00,0,0,,,24.9,0.0,0
2026-02-10 17:00:00,0,0,,,26.2,0.0,0
2026-02-10 18:00:00,0,0,,,17.2,0.0,0
2026-02-10 19:00:00,0,0,,,31.1,15.0,0
2026-02-10 20:00:00,0,0,,,19.0,0.0,0
2026-02-10 21:00:00,0,0,,,21.5,0.0,0
2026-02-10 22:00:00,0,0,,,24.7,0.0,0
2026-02-11 11:00:00,0,0,,,25.8,0.0,0
2026-02-11 12:00:00,0,0,,,22.9,0.0,0
2026-02-11 13:00:00,0,0,,,35.5,0.0,0
2026-02-11 14:00:00,0,0,,,33.0,0.0,0
2026-02-11 15:00:00,0,0,,,36.1,0.0,0
2026-02-11 16:00:00,0,0,,,30.7,0.0,0
2026-02-11 17:00:00,0,0,,,25.7,0.0,0
2026-02-11 18:00:00,0,0,,,24.2,0.0,0
2026-02-11 19:00:00,0,0,,,21.1,0.0,0
2026-02-11 20:00:00,0,0,,,18.3,0.0,0
2026-02-11 21:00:00,0,0,,,19.5,0.0,0
2026-02-11 22:00:00,0,0,,,14.2,0.0,0
2026-02-12 11:00:00,0,0,,,25.4,0.0,0
2026-02-12 12:00:00,0,0,,,29.5,0.0,0
2026-02-12 13:00:00,0,0,,,26.7,0.0,0
2026-02-12 14:00:00,0,0,,,35.0,0.0,0
2026-02-12 15:00:00,0,0,,,30.1,0.0,0
2026-02-12 16:00:00,0,0,,,30.0,0.0,0
2026-02-12 17:00:00,0,0,,,24.9,0.0,0
2026-02-12 18:00:00,0,0,,,29.1,0.0,0
2026-02-12 19:00:00,0,0,,,19.7,0.0,0
2026-02-12 20:00:00,0,0,,,23.5,0.0,0
2026-02-12 21:00:00,0,0,,,25.3,5.0,0
2026-02-12 22:00:00,0,0,,,27.6,0.0,0
2026-02-13 11:00:00,0,0,,,20.3,0.0,1
2026-02-13 12:00:00,0,0,,,29.3,0.0,1
2026-02-13 13:00:00,0,0,,,28.9,0.0,1
2026-02-13 14:00:00,0,0,,,37.5,0.0,1
2026-02-13 15:00:00,0,0,,,26.9,0.0,1
2026-02-13 16:00:00,0,0,,,28.5,0.0,1
2026-02-13 17:00:00,0,0,,,27.2,0.0,1
2026-02-13 18:00:00,0,0,,,31.0,0.0,1
2026-02-13 19:00:00,0,0,,,18.2,0.0,1
2026-02-13 20:00:00,0,0,,,23.9,0.0,1
2026-02-13 21:00:00,0,0,,,22.1,0.0,1
2026-02-13 22:00:00,0,0,,,12.0,0.0,1
2026-02-14 11:00:00,0,0,,,17.6,0.0,1
2026-02-14 12:00:00,0,0,,,30.9,5.0,1
2026-02-14 13:00:00,0,0,,,29.9,0.0,1
2026-02-14 14:00:00,0,0,,,32.9,0.0,1
2026-02-14 15:00:00,0,0,,,29.9,0.0,1
2026-02-14 16:00:00,0,0,,,25.3,0.0,1
2026-02-14 17:00:00,0,0,,,18.1,0.0,1
2026-02-14 18:00:00,0,0,,,16.9,0.0,1
2026-02-14 19:00:00,0,0,,,21.7,0.0,1
2026-02-14 20:00:00,0,0,,,30.2,0.0,1
2026-02-14 21:00:00,0,0,,,35.8,0.0,1
2026-02-14 22:00:00,0,0,,,22.0,0.0,1
2026-02-15 11:00:00,0,0,,,25.2,0.0,1
2026-02-15 12:00:00,0,0,,,26.2,0.0,1
2026-02-15 13:00:00,0,1,,Local Event,28.2,0.0,1
2026-02-15 14:00:00,0,0,,,30.9,5.0,1
2026-02-15 15:00:00,0,0,,,23.3,0.0,1
2026-02-15 16:00:00,0,0,,,25.1,0.0,1
2026-02-15 17:00:00,0,1,,Local Event,30.9,0.0,1
2026-02-15 18:00:00,0,0,,,28.6,0.0,1
2026-02-15 19:00:00,0,0,,,30.0,0.0,1
2026-02-15 20:00:00,0,0,,,21.2,0.0,1
2026-02-15 21:00:00,0,0,,,31.6,0.0,1
2026-02-15 22:00:00,0,0,,,27.8,0.0,1
2026-02-16 11:00:00,0,0,,,21.8,5.0,0
2026-02-16 12:00:00,0,0,,,34.6,0.0,0
2026-02-16 13:00:00,0,0,,,32.7,0.0,0
2026-02-16 14:00:00,0,0,,,35.4,0.0,0
2026-02-16 15:00:00,0,0,,,24.8,0.0,0
2026-02-16 16:00:00,0,0,,,20.2,0.0,0
2026-02-16 17:00:00,0,0,,,23.9,0.0,0
2026-02-16 18:00:00,0,0,,,23.6,0.0,0
2026-02-16 19:00:00,0,0,,,24.2,0.0,0
2026-02-16 20:00:00,0,0,,,26.4,0.0,0
2026-02-16 21:00:00,0,0,,,28.3,0.0,0
2026-02-16 22:00:00,0,0,,,30.9,5.0,0
2026-02-17 11:00:00,0,0,,,27.0,0.0,0
2026-02-17 12:00:00,0,0,,,26.7,0.0,0
2026-02-17 13:00:00,0,0,,,31.5,0.0,0
2026-02-17 14:00:00,0,0,,,38.5,0.0,0
2026-02-17 15:00:00,0,0,,,33.8,0.0,0
2026-02-17 16:00:00,0,0,,,31.9,0.0,0
2026-02-17 17:00:00,0,0,,,24.0,0.0,0
2026-02-17 18:00:00,0,0,,,20.7,0.0,0
2026-02-17 19:00:00,0,0,,,19.0,0.0,0
2026-02-17 20:00:00,0,1,,Local Event,27.2,0.0,0
2026-02-17 21:00:00,0,0,,,21.1,5.0,0
2026-02-17 22:00:00,0,0,,,28.2,0.0,0
2026-02-18 11:00:00,0,0,,,28.6,15.0,0
2026-02-18 12:00:00,0,0,,,28.1,0.0,0
2026-02-18 13:00:00,0,0,,,31.1,0.0,0
2026-02-18 14:00:00,0,1,,Local Event,34.7,0.0,0
2026-02-18 15:00:00,0,0,,,22.4,0.0,0
2026-02-18 16:00:00,0,0,,,36.3,0.0,0
2026-02-18 17:00:00,0,0,,,22.2,0.0,0
2026-02-18 18:00:00,0,0,,,25.9,0.0,0
2026-02-18 19:00:00,0,0,,,30.1,0.0,0
2026-02-18 20:00:00,0,0,,,28.0,0.0,0
2026-02-18 21:00:00,0,0,,,24.1,0.0,0
2026-02-18 22:00:00,0,0,,,22.7,0.0,0
2026-02-19 11:00:00,0,0,,,19.3,0.0,0
2026-02-19 12:00:00,0,0,,,29.0,0.0,0
2026-02-19 13:00:00,0,0,,,37.6,15.0,0
2026-02-19 14:00:00,0,0,,,33.2,0.0,0
2026-02-19 15:00:00,0,0,,,36.1,0.0,0
2026-02-19 16:00:00,0,0,,,32.9,0.0,0
2026-02-19 17:00:00,0,0,,,34.4,0.0,0
2026-02-19 18:00:00,0,1,,Local Event,32.7,0.0,0
2026-02-19 19:00:00,0,0,,,25.7,0.0,0
2026-02-19 20:00:00,0,0,,,16.2,0.0,0
2026-02-19 21:00:00,0,0,,,27.6,0.0,0
2026-02-19 22:00:00,0,0,,,22.3,0.0,0
2026-02-20 11:00:00,0,0,,,24.9,0.0,1
2026-02-20 12:00:00,0,0,,,38.9,0.0,1
2026-02-20 13:00:00,0,0,,,25.0,0.0,1
2026-02-20 14:00:00,0,0,,,31.5,5.0,1
2026-02-20 15:00:00,0,0,,,29.5,0.0,1
2026-02-20 16:00:00,0,0,,,29.0,0.0,1
2026-02-20 17:00:00,0,0,,,29.6,0.0,1
2026-02-20 18:00:00,0,0,,,21.0,0.0,1
2026-02-20 19:00:00,0,0,,,12.9,0.0,1
2026-02-20 20:00:00,0,0,,,29.4,0.0,1
2026-02-20 21:00:00,0,0,,,25.3,0.0,1
2026-02-20 22:00:00,0,0,,,27.6,0.0,1
2026-02-21 11:00:00,0,0,,,29.0,0.0,1
2026-02-21 12:00:00,0,0,,,23.7,0.0,1
2026-02-21 13:00:00,0,0,,,21.9,0.0,1
2026-02-21 14:00:00,0,0,,,35.8,0.0,1
2026-02-21 15:00:00,0,0,,,31.0,0.0,1
2026-02-21 16:00:00,0,0,,,35.7,0.0,1
2026-02-21 17:00:00,0,0,,,25.9,0.0,1
2026-02-21 18:00:00,0,0,,,23.2,0.0,1
2026-02-21 19:00:00,0,0,,,27.2,0.0,1
2026-02-21 20:00:00,0,0,,,29.5,0.0,1
2026-02-21 21:00:00,0,0,,,25.1,0.0,1
2026-02-21 22:00:00,0,0,,,21.4,0.0,1
2026-02-22 11:00:00,0,0,,,21.8,0.0,1
2026-02-22 12:00:00,0,0,,,26.0,0.0,1
2026-02-22 13:00:00,0,0,,,31.6,0.0,1
2026-02-22 14:00:00,0,0,,,28.7,0.0,1
2026-02-22 15:00:00,0,0,,,34.4,0.0,1
2026-02-22 16:00:00,0,0,,,29.6,0.0,1
2026-02-22 17:00:00,0,0,,,22.9,0.0,1
2026-02-22 18:00:00,0,0,,,30.7,0.0,1
2026-02-22 19:00:00,0,0,,,29.6,0.0,1
2026-02-22 20:00:00,0,0,,,21.7,0.0,1
2026-02-22 21:00:00,0,0,,,25.3,0.0,1
2026-02-22 22:00:00,0,0,,,29.3,0.0,1
2026-02-23 11:00:00,0,0,,,23.3,0.0,0
2026-02-23 12:00:00,0,0,,,28.0,0.0,0
2026-02-23 13:00:00,0,0,,,40.3,0.0,0
2026-02-23 14:00:00,0,0,,,24.7,0.0,0
2026-02-23 15:00:00,0,0,,,29.6,5.0,0
2026-02-23 16:00:00,0,0,,,32.3,0.0,0
2026-02-23 17:00:00,0,1,,Local Event,24.1,0.0,0
2026-02-23 18:00:00,0,0,,,29.9,0.0,0
2026-02-23 19:00:00,0,0,,,27.9,0.0,0
2026-02-23 20:00:00,0,0,,,26.6,0.0,0
2026-02-23 21:00:00,0,0,,,25.8,0.0,0
2026-02-23 22:00:00,0,0,,,31.6,0.0,0
2026-02-24 11:00:00,0,0,,,14.4,0.0,0
2026-02-24 12:00:00,0,0,,,27.0,0.0,0
2026-02-24 13:00:00,0,0,,,34.2,0.0,0
2026-02-24 14:00:00,0,0,,,32.7,0.0,0
2026-02-24 15:00:00,0,0,,,38.1,0.0,0
2026-02-24 16:00:00,0,0,,,28.4,0.0,0
2026-02-24 17:00:00,0,0,,,27.0,0.0,0
2026-02-24 18:00:00,0,0,,,24.9,0.0,0
2026-02-24 19:00:00,0,0,,,22.7,0.0,0
2026-02-24 20:00:00,0,0,,,26.0,0.0,0
2026-02-24 21:00:00,0,0,,,29.4,0.0,0
2026-02-24 22:00:00,0,0,,,18.3,0.0,0
2026-02-25 11:00:00,0,0,,,27.6,0.0,0
2026-02-25 12:00:00,0,0,,,30.9,0.0,0
2026-02-25 13:00:00,0,0,,,32.0,0.0,0
2026-02-25 14:00:00,0,0,,,28.8,0.0,0
2026-02-25 15:00:00,0,0,,,35.5,0.0,0
2026-02-25 16:00:00,0,0,,,29.4,5.0,0
2026-02-25 17:00:00,0,0,,,22.3,0.0,0
2026-02-25 18:00:00,0,0,,,24.5,0.0,0
2026-02-25 19:00:00,0,0,,,27.6,0.0,0
2026-02-25 20:00:00,0,0,,,23.7,0.0,0
2026-02-25 21:00:00,0,0,,,20.3,0.0,0
2026-02-25 22:00:00,0,0,,,30.4,0.0,0
2026-02-26 11:00:00,0,0,,,26.8,0.0,0
2026-02-26 12:00:00,0,0,,,39.2,0.0,0
2026-02-26 13:00:00,0,0,,,34.0,0.0,0
2026-02-26 14:00:00,0,1,,Local Event,21.9,0.0,0
2026-02-26 15:00:00,0,0,,,34.8,0.0,0
2026-02-26 16:00:00,0,0,,,38.6,0.0,0
2026-02-26 17:00:00,0,0,,,25.4,0.0,0
2026-02-26 18:00:00,0,0,,,30.8,0.0,0
2026-02-26 19:00:00,0,0,,,29.9,0.0,0
2026-02-26 20:00:00,0,0,,,27.5,0.0,0
2026-02-26 21:00:00,0,0,,,21.7,0.0,0
2026-02-26 22:00:00,0,0,,,15.8,0.0,0
2026-02-27 11:00:00,0,0,,,33.1,0.0,1
2026-02-27 12:00:00,0,0,,,36.6,0.0,1
2026-02-27 13:00:00,0,0,,,28.8,0.0,1
2026-02-27 14:00:00,0,0,,,25.8,5.0,1
2026-02-27 15:00:00,0,0,,,30.2,0.0,1
2026-02-27 16:00:00,0,0,,,38.5,0.0,1
2026-02-27 17:00:00,0,0,,,21.9,0.0,1
2026-02-27 18:00:00,0,0,,,24.8,5.0,1
2026-02-27 19:00:00,0,0,,,18.0,0.0,1
2026-02-27 20:00:00,0,0,,,24.6,0.0,1
2026-02-27 21:00:00,0,0,,,23.5,0.0,1
2026-02-27 22:00:00,0,0,,,21.2,0.0,1
2026-02-28 11:00:00,0,0,,,24.2,0.0,1
2026-02-28 12:00:00,0,0,,,33.4,0.0,1
2026-02-28 13:00:00,0,0,,,35.4,0.0,1
2026-02-28 14:00:00,0,0,,,30.1,15.0,1
2026-02-28 15:00:00,0,0,,,26.5,0.0,1
2026-02-28 16:00:00,0,0,,,22.4,0.0,1
2026-02-28 17:00:00,0,0,,,17.1,0.0,1
2026-02-28 18:00:00,0,1,,Local Event,29.5,0.0,1
2026-02-28 19:00:00,0,0,,,22.6,0.0,1
2026-02-28 20:00:00,0,0,,,25.7,0.0,1
2026-02-28 21:00:00,0,0,,,23.7,0.0,1
2026-02-28 22:00:00,0,0,,,20.5,0.0,1
2026-03-01 11:00:00,0,0,,,24.3,0.0,1
2026-03-01 12:00:00,0,0,,,30.4,0.0,1
2026-03-01 13:00:00,0,1,,Local Event,24.5,0.0,1
2026-03-01 14:00:00,0,0,,,37.1,0.0,1
2026-03-01 15:00:00,0,0,,,34.8,0.0,1
2026-03-01 16:00:00,0,0,,,31.4,0.0,1
2026-03-01 17:00:00,0,0,,,19.3,0.0,1
2026-03-01 18:00:00,0,0,,,25.5,0.0,1
2026-03-01 19:00:00,0,0,,,22.3,0.0,1
2026-03-01 20:00:00,0,0,,,25.5,0.0,1
2026-03-01 21:00:00,0,0,,,29.8,0.0,1
2026-03-01 22:00:00,0,0,,,27.1,0.0,1
2026-03-02 11:00:00,0,0,,,30.0,0.0,0
2026-03-02 12:00:00,0,0,,,26.6,0.0,0
2026-03-02 13:00:00,0,0,,,29.3,0.0,0
2026-03-02 14:00:00,0,0,,,34.1,0.0,0
2026-03-02 15:00:00,0,0,,,35.2,0.0,0
2026-03-02 16:00:00,0,0,,,35.6,0.0,0
2026-03-02 17:00:00,0,1,,Local Event,23.5,0.0,0
2026-03-02 18:00:00,0,0,,,28.9,0.0,0
2026-03-02 19:00:00,0,0,,,22.2,0.0,0
2026-03-02 20:00:00,0,0,,,24.0,0.0,0
2026-03-02 21:00:00,0,0,,,18.8,5.0,0
2026-03-02 22:00:00,0,0,,,22.0,0.0,0
2026-03-03 11:00:00,0,0,,,22.6,0.0,0
2026-03-03 12:00:00,0,1,,Local Event,29.9,0.0,0
2026-03-03 13:00:00,0,1,,Local Event,29.6,0.0,0
2026-03-03 14:00:00,0,0,,,28.1,0.0,0
2026-03-03 15:00:00,0,0,,,32.8,0.0,0
2026-03-03 16:00:00,0,0,,,28.5,0.0,0
2026-03-03 17:00:00,0,0,,,30.9,5.0,0
2026-03-03 18:00:00,0,0,,,26.8,5.0,0
2026-03-03 19:00:00,0,0,,,17.1,0.0,0
2026-03-03 20:00:00,0,0,,,19.4,0.0,0
2026-03-03 21:00:00,0,0,,,28.2,0.0,0
2026-03-03 22:00:00,0,0,,,27.5,0.0,0
2026-03-04 11:00:00,0,0,,,24.2,0.0,0
2026-03-04 12:00:00,0,0,,,27.6,0.0,0
2026-03-04 13:00:00,0,0,,,24.6,0.0,0
2026-03-04 14:00:00,0,0,,,31.2,0.0,0
2026-03-04 15:00:00,0,0,,,35.5,0.0,0
2026-03-04 16:00:00,0,1,,Local Event,39.8,0.0,0
2026-03-04 17:00:00,0,0,,,38.2,0.0,0
2026-03-04 18:00:00,0,0,,,17.5,0.0,0
2026-03-04 19:00:00,0,0,,,30.4,0.0,0
2026-03-04 20:00:00,0,0,,,25.5,0.0,0
2026-03-04 21:00:00,0,0,,,28.1,0.0,0
2026-03-04 22:00:00,0,0,,,23.2,0.0,0
2026-03-05 11:00:00,0,0,,,30.6,0.0,0
2026-03-05 12:00:00,0,0,,,29.7,0.0,0
2026-03-05 13:00:00,0,0,,,27.0,0.0,0
2026-03-05 14:00:00,0,0,,,36.9,0.0,0
2026-03-05 15:00:00,0,0,,,29.7,0.0,0
2026-03-05 16:00:00,0,0,,,31.4,0.0,0
2026-03-05 17:00:00,0,0,,,24.0,0.0,0
2026-03-05 18:00:00,0,0,,,24.2,0.0,0
2026-03-05 19:00:00,0,0,,,28.0,0.0,0
2026-03-05 20:00:00,0,0,,,10.3,0.0,0
2026-03-05 21:00:00,0,0,,,30.6,0.0,0
2026-03-05 22:00:00,0,0,,,29.7,0.0,0
2026-03-06 11:00:00,0,0,,,21.9,0.0,1
2026-03-06 12:00:00,0,0,,,34.3,0.0,1
2026-03-06 13:00:00,0,1,,Local Event,34.8,0.0,1
2026-03-06 14:00:00,0,0,,,32.6,0.0,1
2026-03-06 15:00:00,0,0,,,26.8,0.0,1
2026-03-06 16:00:00,0,0,,,32.2,0.0,1
2026-03-06 17:00:00,0,0,,,26.8,0.0,1
2026-03-06 18:00:00,0,0,,,30.4,0.0,1
2026-03-06 19:00:00,0,0,,,21.6,0.0,1
2026-03-06 20:00:00,0,0,,,24.3,0.0,1
2026-03-06 21:00:00,0,0,,,15.5,0.0,1
2026-03-06 22:00:00,0,0,,,26.1,0.0,1
2026-03-07 11:00:00,0,0,,,17.0,0.0,1
2026-03-07 12:00:00,0,0,,,26.2,0.0,1
2026-03-07 13:00:00,0,0,,,34.1,0.0,1
2026-03-07 14:00:00,0,0,,,29.0,0.0,1
2026-03-07 15:00:00,0,0,,,30.3,0.0,1
2026-03-07 16:00:00,0,0,,,31.4,0.0,1
2026-03-07 17:00:00,0,0,,,9.9,0.0,1
2026-03-07 18:00:00,0,0,,,25.9,0.0,1
2026-03-07 19:00:00,0,0,,,29.0,0.0,1
2026-03-07 20:00:00,0,0,,,20.1,0.0,1
2026-03-07 21:00:00,0,0,,,27.0,0.0,1
2026-03-07 22:00:00,0,0,,,22.5,0.0,1
2026-03-08 11:00:00,0,0,,,22.4,0.0,1
2026-03-08 12:00:00,0,0,,,30.8,0.0,1
2026-03-08 13:00:00,0,1,,Local Event,28.4,0.0,1
2026-03-08 14:00:00,0,0,,,30.8,0.0,1
2026-03-08 15:00:00,0,0,,,26.7,0.0,1
2026-03-08 16:00:00,0,0,,,28.5,0.0,1
2026-03-08 17:00:00,0,0,,,26.3,0.0,1
2026-03-08 18:00:00,0,0,,,26.0,0.0,1
2026-03-08 19:00:00,0,0,,,26.3,0.0,1
2026-03-08 20:00:00,0,0,,,22.1,0.0,1
2026-03-08 21:00:00,0,0,,,29.8,5.0,1
2026-03-08 22:00:00,0,0,,,31.2,5.0,1
2026-03-09 11:00:00,0,0,,,21.9,0.0,0
2026-03-09 12:00:00,0,0,,,28.4,0.0,0
2026-03-09 13:00:00,0,0,,,30.0,0.0,0
2026-03-09 14:00:00,0,0,,,33.0,0.0,0
2026-03-09 15:00:00,0,0,,,27.5,0.0,0
2026-03-09 16:00:00,0,0,,,29.3,0.0,0
2026-03-09 17:00:00,0,0,,,28.1,0.0,0
2026-03-09 18:00:00,0,0,,,19.3,0.0,0
2026-03-09 19:00:00,0,0,,,17.2,0.0,0
2026-03-09 20:00:00,0,0,,,29.1,0.0,0
2026-03-09 21:00:00,0,0,,,19.1,0.0,0
2026-03-09 22:00:00,0,0,,,33.2,0.0,0
2026-03-10 11:00:00,0,0,,,22.3,0.0,0
2026-03-10 12:00:00,0,0,,,29.2,0.0,0
2026-03-10 13:00:00,0,0,,,28.9,0.0,0
2026-03-10 14:00:00,0,0,,,25.0,0.0,0
2026-03-10 15:00:00,0,0,,,29.9,5.0,0
2026-03-10 16:00:00,0,0,,,28.7,0.0,0
2026-03-10 17:00:00,0,0,,,28.6,0.0,0
2026-03-10 18:00:00,0,1,,Local Event,28.6,0.0,0
2026-03-10 19:00:00,0,0,,,28.4,0.0,0
2026-03-10 20:00:00,0,0,,,28.0,0.0,0
2026-03-10 21:00:00,0,0,,,25.5,0.0,0
2026-03-10 22:00:00,0,0,,,32.7,0.0,0
2026-03-11 11:00:00,0,1,,Local Event,25.8,0.0,0
2026-03-11 12:00:00,0,0,,,30.3,0.0,0
2026-03-11 13:00:00,0,0,,,28.9,0.0,0
2026-03-11 14:00:00,0,0,,,37.4,0.0,0
2026-03-11 15:00:00,0,0,,,29.5,0.0,0
2026-03-11 16:00:00,0,0,,,21.8,0.0,0
2026-03-11 17:00:00,0,0,,,25.1,5.0,0
2026-03-11 18:00:00,0,0,,,26.2,0.0,0
2026-03-11 19:00:00,0,0,,,23.1,0.0,0
2026-03-11 20:00:00,0,0,,,23.4,0.0,0
2026-03-11 21:00:00,0,0,,,27.5,0.0,0
2026-03-11 22:00:00,0,0,,,30.7,0.0,0
2026-03-12 11:00:00,0,0,,,23.8,0.0,0
2026-03-12 12:00:00,0,0,,,32.3,0.0,0
2026-03-12 13:00:00,0,0,,,25.8,0.0,0
2026-03-12 14:00:00,0,0,,,40.4,0.0,0
2026-03-12 15:00:00,0,0,,,40.1,0.0,0
2026-03-12 16:00:00,0,0,,,30.0,0.0,0
2026-03-12 17:00:00,0,0,,,13.9,0.0,0
2026-03-12 18:00:00,0,0,,,32.7,0.0,0
2026-03-12 19:00:00,0,0,,,22.9,5.0,0
2026-03-12 20:00:00,0,0,,,27.9,5.0,0
2026-03-12 21:00:00,0,0,,,17.0,0.0,0
2026-03-12 22:00:00,0,0,,,27.3,0.0,0
2026-03-13 11:00:00,0,0,,,27.1,0.0,1
2026-03-13 12:00:00,0,0,,,30.1,0.0,1
2026-03-13 13:00:00,0,0,,,33.6,0.0,1
2026-03-13 14:00:00,0,0,,,23.5,0.0,1
2026-03-13 15:00:00,0,0,,,28.4,0.0,1
2026-03-13 16:00:00,0,0,,,30.0,0.0,1
2026-03-13 17:00:00,0,0,,,18.7,0.0,1
2026-03-13 18:00:00,0,0,,,28.0,0.0,1
2026-03-13 19:00:00,0,0,,,22.8,0.0,1
2026-03-13 20:00:00,0,0,,,24.7,0.0,1
2026-03-13 21:00:00,0,1,,Local Event,28.7,15.0,1
2026-03-13 22:00:00,0,0,,,24.1,0.0,1
2026-03-14 11:00:00,0,0,,,32.1,0.0,1
2026-03-14 12:00:00,0,0,,,27.0,0.0,1
2026-03-14 13:00:00,0,0,,,26.6,0.0,1
2026-03-14 14:00:00,0,0,,,34.0,0.0,1
2026-03-14 15:00:00,0,1,,Local Event,30.1,0.0,1
2026-03-14 16:00:00,0,0,,,25.2,0.0,1
2026-03-14 17:00:00,0,0,,,23.0,5.0,1
2026-03-14 18:00:00,0,0,,,28.4,0.0,1
2026-03-14 19:00:00,0,0,,,33.1,0.0,1
2026-03-14 20:00:00,0,0,,,25.5,0.0,1
2026-03-14 21:00:00,0,0,,,24.1,0.0,1
2026-03-14 22:00:00,0,0,,,29.6,0.0,1
2026-03-15 11:00:00,0,0,,,18.7,0.0,1
2026-03-15 12:00:00,0,0,,,31.8,0.0,1
2026-03-15 13:00:00,0,0,,,17.0,0.0,1
2026-03-15 14:00:00,0,0,,,31.0,0.0,1
2026-03-15 15:00:00,0,0,,,33.4,0.0,1
2026-03-15 16:00:00,0,0,,,36.0,0.0,1
2026-03-15 17:00:00,0,0,,,22.5,0.0,1
2026-03-15 18:00:00,0,0,,,24.6,0.0,1
2026-03-15 19:00:00,0,0,,,21.6,5.0,1
2026-03-15 20:00:00,0,0,,,25.2,0.0,1
2026-03-15 21:00:00,0,0,,,28.4,0.0,1
2026-03-15 22:00:00,0,0,,,19.3,0.0,1
2026-03-16 11:00:00,0,0,,,31.0,0.0,0
2026-03-16 12:00:00,0,0,,,25.1,0.0,0
2026-03-16 13:00:00,0,0,,,27.0,0.0,0
2026-03-16 14:00:00,0,0,,,37.1,0.0,0
2026-03-16 15:00:00,0,0,,,25.8,0.0,0
2026-03-16 16:00:00,0,1,,Local Event,32.6,5.0,0
2026-03-16 17:00:00,0,0,,,28.3,0.0,0
2026-03-16 18:00:00,0,0,,,17.5,0.0,0
2026-03-16 19:00:00,0,0,,,35.0,0.0,0
2026-03-16 20:00:00,0,0,,,40.5,0.0,0
2026-03-16 21:00:00,0,0,,,23.4,0.0,0
2026-03-16 22:00:00,0,0,,,34.0,0.0,0
2026-03-17 11:00:00,0,0,,,29.2,0.0,0
2026-03-17 12:00:00,0,0,,,26.9,0.0,0
2026-03-17 13:00:00,0,0,,,32.2,0.0,0
2026-03-17 14:00:00,0,0,,,33.9,0.0,0
2026-03-17 15:00:00,0,0,,,24.5,0.0,0
2026-03-17 16:00:00,0,1,,Local Event,28.1,0.0,0
2026-03-17 17:00:00,0,0,,,17.4,0.0,0
2026-03-17 18:00:00,0,0,,,23.2,0.0,0
2026-03-17 19:00:00,0,0,,,25.0,0.0,0
2026-03-17 20:00:00,0,0,,,21.7,0.0,0
2026-03-17 21:00:00,0,0,,,14.2,0.0,0
2026-03-17 22:00:00,0,0,,,30.5,0.0,0
2026-03-18 11:00:00,0,0,,,28.5,0.0,0
2026-03-18 12:00:00,0,0,,,28.0,0.0,0
2026-03-18 13:00:00,0,1,,Local Event,36.1,0.0,0
2026-03-18 14:00:00,0,0,,,31.3,0.0,0
2026-03-18 15:00:00,0,0,,,21.1,0.0,0
2026-03-18 16:00:00,0,0,,,32.0,0.0,0
2026-03-18 17:00:00,0,0,,,21.9,0.0,0
2026-03-18 18:00:00,0,0,,,32.7,0.0,0
2026-03-18 19:00:00,0,0,,,19.4,0.0,0
2026-03-18 20:00:00,0,0,,,31.2,0.0,0
2026-03-18 21:00:00,0,0,,,30.6,0.0,0
2026-03-18 22:00:00,0,0,,,32.2,0.0,0
2026-03-19 11:00:00,0,0,,,20.2,0.0,0
2026-03-19 12:00:00,0,0,,,25.2,0.0,0
2026-03-19 13:00:00,0,0,,,28.8,0.0,0
2026-03-19 14:00:00,0,0,,,25.4,0.0,0
2026-03-19 15:00:00,0,0,,,22.5,0.0,0
2026-03-19 16:00:00,0,0,,,26.7,0.0,0
2026-03-19 17:00:00,0,0,,,26.0,0.0,0
2026-03-19 18:00:00,0,0,,,25.3,0.0,0
2026-03-19 19:00:00,0,0,,,22.3,0.0,0
2026-03-19 20:00:00,0,0,,,23.6,0.0,0
2026-03-19 21:00:00,0,0,,,29.1,0.0,0
2026-03-19 22:00:00,0,0,,,19.3,0.0,0
2026-03-20 11:00:00,0,0,,,30.1,0.0,1
2026-03-20 12:00:00,0,0,,,31.4,0.0,1
2026-03-20 13:00:00,0,0,,,32.8,0.0,1
2026-03-20 14:00:00,0,0,,,31.7,0.0,1
2026-03-20 15:00:00,0,0,,,28.9,0.0,1
2026-03-20 16:00:00,0,0,,,29.8,0.0,1
2026-03-20 17:00:00,0,0,,,30.6,0.0,1
2026-03-20 18:00:00,0,0,,,23.3,5.0,1
2026-03-20 19:00:00,0,0,,,24.9,0.0,1
2026-03-20 20:00:00,0,0,,,24.1,0.0,1
2026-03-20 21:00:00,0,1,,Local Event,22.8,0.0,1
2026-03-20 22:00:00,0,0,,,17.0,0.0,1
2026-03-21 11:00:00,0,0,,,18.5,0.0,1
2026-03-21 12:00:00,0,0,,,33.4,0.0,1
2026-03-21 13:00:00,0,0,,,26.1,0.0,1
2026-03-21 14:00:00,0,0,,,26.5,0.0,1
2026-03-21 15:00:00,0,0,,,33.4,0.0,1
2026-03-21 16:00:00,0,0,,,37.4,5.0,1
2026-03-21 17:00:00,0,0,,,27.5,0.0,1
2026-03-21 18:00:00,0,0,,,27.4,0.0,1
2026-03-21 19:00:00,0,0,,,29.3,0.0,1
2026-03-21 20:00:00,0,0,,,29.4,0.0,1
2026-03-21 21:00:00,0,0,,,30.4,0.0,1
2026-03-21 22:00:00,0,0,,,36.8,0.0,1
2026-03-22 11:00:00,0,0,,,23.8,0.0,1
2026-03-22 12:00:00,0,0,,,37.3,0.0,1
2026-03-22 13:00:00,0,0,,,40.0,0.0,1
2026-03-22 14:00:00,0,0,,,26.2,0.0,1
2026-03-22 15:00:00,0,0,,,28.1,0.0,1
2026-03-22 16:00:00,0,0,,,29.8,0.0,1
2026-03-22 17:00:00,0,0,,,22.5,0.0,1
2026-03-22 18:00:00,0,0,,,32.2,0.0,1
2026-03-22 19:00:00,0,0,,,29.0,0.0,1
2026-03-22 20:00:00,0,0,,,26.7,0.0,1
2026-03-22 21:00:00,0,0,,,19.6,0.0,1
2026-03-22 22:00:00,0,0,,,20.9,0.0,1
2026-03-23 11:00:00,0,0,,,27.4,0.0,0
2026-03-23 12:00:00,0,0,,,32.7,5.0,0
2026-03-23 13:00:00,0,0,,,30.4,0.0,0
2026-03-23 14:00:00,0,0,,,18.9,0.0,0
2026-03-23 15:00:00,0,0,,,30.9,0.0,0
2026-03-23 16:00:00,0,0,,,44.9,0.0,0
2026-03-23 17:00:00,0,0,,,27.1,0.0,0
2026-03-23 18:00:00,0,0,,,28.0,0.0,0
2026-03-23 19:00:00,0,0,,,27.8,0.0,0
2026-03-23 20:00:00,0,1,,Local Event,20.4,0.0,0
2026-03-23 21:00:00,0,0,,,29.9,0.0,0
2026-03-23 22:00:00,0,1,,Local Event,29.6,0.0,0
2026-03-24 11:00:00,0,0,,,21.5,0.0,0
2026-03-24 12:00:00,0,0,,,23.7,0.0,0
2026-03-24 13:00:00,0,0,,,23.1,0.0,0
2026-03-24 14:00:00,0,0,,,27.2,0.0,0
2026-03-24 15:00:00,0,0,,,22.1,0.0,0
2026-03-24 16:00:00,0,0,,,20.6,0.0,0
2026-03-24 17:00:00,0,0,,,11.8,0.0,0
2026-03-24 18:00:00,0,0,,,25.0,0.0,0
2026-03-24 19:00:00,0,0,,,20.4,0.0,0
2026-03-24 20:00:00,0,0,,,26.3,0.0,0
2026-03-24 21:00:00,0,0,,,29.3,0.0,0
2026-03-24 22:00:00,0,1,,Local Event,23.8,0.0,0
2026-03-25 11:00:00,0,0,,,38.1,0.0,0
2026-03-25 12:00:00,0,1,,Local Event,24.4,0.0,0
2026-03-25 13:00:00,0,0,,,31.4,0.0,0
2026-03-25 14:00:00,0,0,,,38.8,0.0,0
2026-03-25 15:00:00,0,0,,,35.5,0.0,0
2026-03-25 16:00:00,0,0,,,26.9,0.0,0
2026-03-25 17:00:00,0,0,,,21.0,0.0,0
2026-03-25 18:00:00,0,0,,,24.7,0.0,0
2026-03-25 19:00:00,0,0,,,29.2,5.0,0
2026-03-25 20:00:00,0,0,,,13.8,0.0,0
2026-03-25 21:00:00,0,0,,,31.0,0.0,0
2026-03-25 22:00:00,0,0,,,22.5,0.0,0
2026-03-26 11:00:00,0,0,,,21.8,0.0,0
2026-03-26 12:00:00,0,0,,,24.1,0.0,0
2026-03-26 13:00:00,0,1,,Local Event,34.5,0.0,0
2026-03-26 14:00:00,0,0,,,36.4,0.0,0
2026-03-26 15:00:00,0,0,,,29.0,0.0,0
2026-03-26 16:00:00,0,0,,,30.0,0.0,0
2026-03-26 17:00:00,0,0,,,27.3,0.0,0
2026-03-26 18:00:00,0,0,,,32.3,0.0,0
2026-03-26 19:00:00,0,0,,,27.0,0.0,0
2026-03-26 20:00:00,0,0,,,20.7,0.0,0
2026-03-26 21:00:00,0,0,,,26.5,0.0,0
2026-03-26 22:00:00,0,0,,,27.3,0.0,0
2026-03-27 11:00:00,0,0,,,26.0,0.0,1
2026-03-27 12:00:00,0,0,,,34.7,0.0,1
2026-03-27 13:00:00,0,0,,,25.8,0.0,1
2026-03-27 14:00:00,0,0,,,26.7,0.0,1
2026-03-27 15:00:00,0,0,,,30.1,0.0,1
2026-03-27 16:00:00,0,0,,,34.5,0.0,1
2026-03-27 17:00:00,0,0,,,27.6,0.0,1
2026-03-27 18:00:00,0,0,,,30.2,0.0,1
2026-03-27 19:00:00,0,0,,,25.9,0.0,1
2026-03-27 20:00:00,0,0,,,27.8,0.0,1
2026-03-27 21:00:00,0,0,,,27.3,0.0,1
2026-03-27 22:00:00,0,0,,,18.2,0.0,1
2026-03-28 11:00:00,0,0,,,21.5,0.0,1
2026-03-28 12:00:00,0,0,,,32.9,0.0,1
2026-03-28 13:00:00,0,0,,,31.7,0.0,1
2026-03-28 14:00:00,0,0,,,22.2,0.0,1
2026-03-28 15:00:00,0,0,,,28.4,0.0,1
2026-03-28 16:00:00,0,0,,,33.7,0.0,1
2026-03-28 17:00:00,0,0,,,27.3,0.0,1
2026-03-28 18:00:00,0,0,,,17.3,15.0,1
2026-03-28 19:00:00,0,0,,,28.8,0.0,1
2026-03-28 20:00:00,0,1,,Local Event,28.1,0.0,1
2026-03-28 21:00:00,0,0,,,19.9,0.0,1
2026-03-28 22:00:00,0,0,,,23.8,0.0,1
2026-03-29 11:00:00,0,1,,Local Event,30.4,0.0,1
2026-03-29 12:00:00,0,0,,,23.4,0.0,1
2026-03-29 13:00:00,0,0,,,31.9,0.0,1
2026-03-29 14:00:00,0,0,,,35.5,0.0,1
2026-03-29 15:00:00,0,0,,,30.7,0.0,1
2026-03-29 16:00:00,0,0,,,30.1,0.0,1
2026-03-29 17:00:00,0,0,,,27.5,0.0,1
2026-03-29 18:00:00,0,0,,,18.0,0.0,1
2026-03-29 19:00:00,0,0,,,28.1,0.0,1
2026-03-29 20:00:00,0,0,,,29.4,0.0,1
2026-03-29 21:00:00,0,0,,,19.7,0.0,1
2026-03-29 22:00:00,0,0,,,32.4,0.0,1
2026-03-30 11:00:00,0,0,,,30.1,0.0,0
2026-03-30 12:00:00,0,0,,,36.7,0.0,0
2026-03-30 13:00:00,0,0,,,32.8,0.0,0
2026-03-30 14:00:00,0,0,,,25.6,0.0,0
2026-03-30 15:00:00,0,0,,,37.8,0.0,0
2026-03-30 16:00:00,0,0,,,34.3,5.0,0
2026-03-30 17:00:00,0,0,,,12.4,0.0,0
2026-03-30 18:00:00,0,0,,,23.5,0.0,0
2026-03-30 19:00:00,0,0,,,33.8,0.0,0
2026-03-30 20:00:00,0,0,,,32.9,0.0,0
2026-03-30 21:00:00,0,0,,,26.0,0.0,0
2026-03-30 22:00:00,0,0,,,21.2,0.0,0
2026-03-31 11:00:00,0,0,,,28.1,0.0,0
2026-03-31 12:00:00,0,1,,Local Event,26.0,15.0,0
2026-03-31 13:00:00,0,0,,,31.3,5.0,0
2026-03-31 14:00:00,0,0,,,34.1,0.0,0
2026-03-31 15:00:00,0,0,,,27.4,5.0,0
2026-03-31 16:00:00,0,0,,,29.0,0.0,0
2026-03-31 17:00:00,0,0,,,24.0,0.0,0
2026-03-31 18:00:00,0,0,,,21.3,0.0,0
2026-03-31 19:00:00,0,0,,,22.5,0.0,0
2026-03-31 20:00:00,0,0,,,23.6,5.0,0
2026-03-31 21:00:00,0,0,,,24.7,0.0,0
2026-03-31 22:00:00,0,0,,,27.4,0.0,0
2026-04-01 11:00:00,0,0,,,22.6,0.0,0
2026-04-01 12:00:00,0,0,,,28.2,0.0,0
2026-04-01 13:00:00,0,0,,,33.0,0.0,0
2026-04-01 14:00:00,0,0,,,27.2,0.0,0
2026-04-01 15:00:00,0,0,,,29.8,0.0,0
2026-04-01 16:00:00,0,0,,,25.8,0.0,0
2026-04-01 17:00:00,0,0,,,25.9,0.0,0
2026-04-01 18:00:00,0,0,,,38.5,0.0,0
2026-04-01 19:00:00,0,0,,,24.6,0.0,0
2026-04-01 20:00:00,0,0,,,20.8,0.0,0
2026-04-01 21:00:00,0,0,,,33.7,0.0,0
2026-04-01 22:00:00,0,0,,,23.4,0.0,0
2026-04-02 11:00:00,0,0,,,27.0,0.0,0
2026-04-02 12:00:00,0,0,,,20.4,0.0,0
2026-04-02 13:00:00,0,0,,,29.8,0.0,0
2026-04-02 14:00:00,0,0,,,23.0,0.0,0
2026-04-02 15:00:00,0,0,,,34.8,0.0,0
2026-04-02 16:00:00,0,0,,,28.2,0.0,0
2026-04-02 17:00:00,0,0,,,23.8,5.0,0
2026-04-02 18:00:00,0,0,,,23.5,0.0,0
2026-04-02 19:00:00,0,0,,,36.1,0.0,0
2026-04-02 20:00:00,0,0,,,24.2,0.0,0
2026-04-02 21:00:00,0,0,,,26.1,0.0,0
2026-04-02 22:00:00,0,0,,,19.5,0.0,0
2026-04-03 11:00:00,0,0,,,22.3,0.0,1
2026-04-03 12:00:00,0,0,,,34.2,0.0,1
2026-04-03 13:00:00,0,0,,,36.1,0.0,1
2026-04-03 14:00:00,0,0,,,27.4,0.0,1
2026-04-03 15:00:00,0,0,,,27.3,0.0,1
2026-04-03 16:00:00,0,0,,,32.4,0.0,1
2026-04-03 17:00:00,0,0,,,20.8,0.0,1
2026-04-03 18:00:00,0,0,,,20.6,0.0,1
2026-04-03 19:00:00,0,0,,,21.8,0.0,1
2026-04-03 20:00:00,0,0,,,27.3,0.0,1
2026-04-03 21:00:00,0,0,,,20.3,0.0,1
2026-04-03 22:00:00,0,0,,,21.7,0.0,1
2026-04-04 11:00:00,0,0,,,22.0,0.0,1
2026-04-04 12:00:00,0,0,,,32.3,0.0,1
2026-04-04 13:00:00,0,0,,,27.4,0.0,1
2026-04-04 14:00:00,0,0,,,36.9,0.0,1
2026-04-04 15:00:00,0,0,,,30.7,0.0,1
2026-04-04 16:00:00,0,0,,,19.3,0.0,1
2026-04-04 17:00:00,0,0,,,14.6,0.0,1
2026-04-04 18:00:00,0,0,,,33.6,0.0,1
2026-04-04 19:00:00,0,0,,,22.2,0.0,1
2026-04-04 20:00:00,0,0,,,26.6,0.0,1
2026-04-04 21:00:00,0,0,,,22.7,0.0,1
2026-04-04 22:00:00,0,0,,,31.3,0.0,1
2026-04-05 11:00:00,0,0,,,28.4,0.0,1
2026-04-05 12:00:00,0,1,,Local Event,39.2,0.0,1
2026-04-05 13:00:00,0,0,,,30.5,0.0,1
2026-04-05 14:00:00,0,1,,Local Event,36.5,0.0,1
2026-04-05 15:00:00,0,0,,,30.5,0.0,1
2026-04-05 16:00:00,0,0,,,31.3,0.0,1
2026-04-05 17:00:00,0,0,,,29.3,0.0,1
2026-04-05 18:00:00,0,0,,,22.7,0.0,1
2026-04-05 19:00:00,0,0,,,29.4,15.0,1
2026-04-05 20:00:00,0,0,,,32.4,0.0,1
2026-04-05 21:00:00,0,0,,,16.8,0.0,1
2026-04-05 22:00:00,0,0,,,23.0,0.0,1
2026-04-06 11:00:00,0,0,,,28.2,0.0,0
2026-04-06 12:00:00,0,0,,,29.0,0.0,0
2026-04-06 13:00:00,0,0,,,30.4,0.0,0
2026-04-06 14:00:00,0,0,,,15.0,0.0,0
2026-04-06 15:00:00,0,0,,,32.3,0.0,0
2026-04-06 16:00:00,0,0,,,37.6,0.0,0
2026-04-06 17:00:00,0,0,,,20.3,0.0,0
2026-04-06 18:00:00,0,0,,,33.7,0.0,0
2026-04-06 19:00:00,0,0,,,30.7,0.0,0
2026-04-06 20:00:00,0,0,,,19.5,0.0,0
2026-04-06 21:00:00,0,0,,,31.1,0.0,0
2026-04-06 22:00:00,0,0,,,23.7,0.0,0
2026-04-07 11:00:00,0,0,,,15.4,0.0,0
2026-04-07 12:00:00,0,0,,,29.7,0.0,0
2026-04-07 13:00:00,0,0,,,34.6,0.0,0
2026-04-07 14:00:00,0,0,,,30.5,0.0,0
2026-04-07 15:00:00,0,0,,,31.3,0.0,0
2026-04-07 16:00:00,0,0,,,36.4,0.0,0
2026-04-07 17:00:00,0,0,,,24.4,0.0,0
2026-04-07 18:00:00,0,0,,,25.5,0.0,0
2026-04-07 19:00:00,0,0,,,32.6,0.0,0
2026-04-07 20:00:00,0,0,,,28.0,0.0,0
2026-04-07 21:00:00,0,0,,,26.3,0.0,0
2026-04-07 22:00:00,0,0,,,18.8,0.0,0
2026-04-08 11:00:00,0,0,,,15.5,0.0,0
2026-04-08 12:00:00,0,0,,,25.7,0.0,0
2026-04-08 13:00:00,0,0,,,32.8,0.0,0
2026-04-08 14:00:00,0,0,,,23.3,0.0,0
2026-04-08 15:00:00,0,0,,,29.5,0.0,0
2026-04-08 16:00:00,0,0,,,36.6,0.0,0
2026-04-08 17:00:00,0,0,,,17.4,0.0,0
2026-04-08 18:00:00,0,0,,,10.8,0.0,0
2026-04-08 19:00:00,0,0,,,22.9,0.0,0
2026-04-08 20:00:00,0,0,,,30.8,0.0,0
2026-04-08 21:00:00,0,1,,Local Event,26.0,0.0,0
2026-04-08 22:00:00,0,0,,,27.2,0.0,0
2026-04-09 11:00:00,0,0,,,27.3,5.0,0
2026-04-09 12:00:00,0,0,,,25.1,0.0,0
2026-04-09 13:00:00,0,0,,,25.2,0.0,0
2026-04-09 14:00:00,0,0,,,29.0,0.0,0
2026-04-09 15:00:00,0,0,,,33.6,0.0,0
2026-04-09 16:00:00,0,0,,,19.8,0.0,0
2026-04-09 17:00:00,0,0,,,18.1,0.0,0
2026-04-09 18:00:00,0,0,,,21.5,0.0,0
2026-04-09 19:00:00,0,0,,,22.2,0.0,0
2026-04-09 20:00:00,0,0,,,26.0,0.0,0
2026-04-09 21:00:00,0,0,,,24.5,0.0,0
2026-04-09 22:00:00,0,0,,,22.4,0.0,0
2026-04-10 11:00:00,0,0,,,33.8,5.0,1
2026-04-10 12:00:00,0,0,,,30.1,0.0,1
2026-04-10 13:00:00,0,0,,,31.1,0.0,1
2026-04-10 14:00:00,0,0,,,33.5,0.0,1
2026-04-10 15:00:00,0,0,,,26.3,0.0,1
2026-04-10 16:00:00,0,0,,,39.1,0.0,1
2026-04-10 17:00:00,0,0,,,31.0,0.0,1
2026-04-10 18:00:00,0,0,,,25.7,0.0,1
2026-04-10 19:00:00,0,0,,,24.7,0.0,1
2026-04-10 20:00:00,0,0,,,31.1,0.0,1
2026-04-10 21:00:00,0,0,,,24.5,0.0,1
2026-04-10 22:00:00,0,0,,,27.1,0.0,1
2026-04-11 11:00:00,0,0,,,24.4,0.0,1
2026-04-11 12:00:00,0,1,,Local Event,32.9,15.0,1
2026-04-11 13:00:00,0,0,,,38.2,0.0,1
2026-04-11 14:00:00,0,0,,,35.4,0.0,1
2026-04-11 15:00:00,0,0,,,23.5,0.0,1
2026-04-11 16:00:00,0,0,,,32.9,0.0,1
2026-04-11 17:00:00,0,0,,,23.5,0.0,1
2026-04-11 18:00:00,0,0,,,19.0,0.0,1
2026-04-11 19:00:00,0,0,,,30.2,0.0,1
2026-04-11 20:00:00,0,0,,,33.3,0.0,1
2026-04-11 21:00:00,0,0,,,27.5,0.0,1
2026-04-11 22:00:00,0,1,,Local Event,23.2,0.0,1
2026-04-12 11:00:00,0,0,,,15.5,0.0,1
2026-04-12 12:00:00,0,0,,,36.6,0.0,1
2026-04-12 13:00:00,0,0,,,29.6,0.0,1
2026-04-12 14:00:00,0,0,,,29.8,5.0,1
2026-04-12 15:00:00,0,0,,,34.8,0.0,1
2026-04-12 16:00:00,0,0,,,24.9,0.0,1
2026-04-12 17:00:00,0,0,,,24.5,0.0,1
2026-04-12 18:00:00,0,0,,,22.0,0.0,1
2026-04-12 19:00:00,0,0,,,24.4,0.0,1
2026-04-12 20:00:00,0,0,,,20.5,0.0,1
2026-04-12 21:00:00,0,0,,,10.5,0.0,1
2026-04-12 22:00:00,0,0,,,23.1,0.0,1
2026-04-13 11:00:00,0,0,,,31.6,0.0,0
2026-04-13 12:00:00,0,0,,,31.6,0.0,0
2026-04-13 13:00:00,0,0,,,24.2,0.0,0
2026-04-13 14:00:00,0,0,,,21.2,0.0,0
2026-04-13 15:00:00,0,0,,,25.3,0.0,0
2026-04-13 16:00:00,0,0,,,33.0,0.0,0
2026-04-13 17:00:00,0,0,,,20.0,0.0,0
2026-04-13 18:00:00,0,0,,,21.2,0.0,0
2026-04-13 19:00:00,0,0,,,29.9,0.0,0
2026-04-13 20:00:00,0,0,,,27.6,0.0,0
2026-04-13 21:00:00,0,0,,,19.0,0.0,0
2026-04-13 22:00:00,0,0,,,29.5,0.0,0
2026-04-14 11:00:00,0,0,,,29.5,0.0,0
2026-04-14 12:00:00,0,0,,,39.1,0.0,0
2026-04-14 13:00:00,0,0,,,22.3,0.0,0
2026-04-14 14:00:00,0,0,,,20.6,0.0,0
2026-04-14 15:00:00,0,0,,,30.9,0.0,0
2026-04-14 16:00:00,0,1,,Local Event,32.1,0.0,0
2026-04-14 17:00:00,0,0,,,20.2,0.0,0
2026-04-14 18:00:00,0,0,,,21.6,0.0,0
2026-04-14 19:00:00,0,0,,,29.5,0.0,0
2026-04-14 20:00:00,0,0,,,27.3,0.0,0
2026-04-14 21:00:00,0,0,,,28.7,0.0,0
2026-04-14 22:00:00,0,0,,,33.9,0.0,0
2026-04-15 11:00:00,0,0,,,19.7,0.0,0
2026-04-15 12:00:00,0,0,,,33.8,0.0,0
2026-04-15 13:00:00,0,1,,Local Event,31.4,0.0,0
2026-04-15 14:00:00,0,0,,,25.1,0.0,0
2026-04-15 15:00:00,0,0,,,33.9,0.0,0
2026-04-15 16:00:00,0,0,,,29.8,0.0,0
2026-04-15 17:00:00,0,0,,,19.6,0.0,0
2026-04-15 18:00:00,0,0,,,34.6,0.0,0
2026-04-15 19:00:00,0,0,,,25.9,0.0,0
2026-04-15 20:00:00,0,0,,,29.7,0.0,0
2026-04-15 21:00:00,0,0,,,16.7,0.0,0
2026-04-15 22:00:00,0,0,,,30.3,0.0,0
2026-04-16 11:00:00,0,0,,,26.1,0.0,0
2026-04-16 12:00:00,0,0,,,20.7,0.0,0
2026-04-16 13:00:00,0,1,,Local Event,31.8,0.0,0
2026-04-16 14:00:00,0,0,,,30.7,0.0,0
2026-04-16 15:00:00,0,1,,Local Event,35.9,0.0,0
2026-04-16 16:00:00,0,0,,,37.2,0.0,0
2026-04-16 17:00:00,0,0,,,28.3,0.0,0
2026-04-16 18:00:00,0,0,,,34.7,0.0,0
2026-04-16 19:00:00,0,0,,,26.2,0.0,0
2026-04-16 20:00:00,0,0,,,28.2,0.0,0
2026-04-16 21:00:00,0,1,,Local Event,20.4,0.0,0
2026-04-16 22:00:00,0,0,,,31.8,0.0,0
2026-04-17 11:00:00,0,0,,,25.4,0.0,1
2026-04-17 12:00:00,0,0,,,32.8,0.0,1
2026-04-17 13:00:00,0,0,,,22.2,0.0,1
2026-04-17 14:00:00,0,0,,,37.5,0.0,1
2026-04-17 15:00:00,0,0,,,37.1,0.0,1
2026-04-17 16:00:00,0,0,,,17.6,0.0,1
2026-04-17 17:00:00,0,0,,,19.0,0.0,1
2026-04-17 18:00:00,0,0,,,19.6,0.0,1
2026-04-17 19:00:00,0,0,,,26.7,0.0,1
2026-04-17 20:00:00,0,0,,,20.3,0.0,1
2026-04-17 21:00:00,0,0,,,27.7,0.0,1
2026-04-17 22:00:00,0,0,,,26.8,0.0,1
2026-04-18 11:00:00,0,0,,,35.4,0.0,1
2026-04-18 12:00:00,0,0,,,24.9,0.0,1
2026-04-18 13:00:00,0,0,,,29.7,0.0,1
2026-04-18 14:00:00,0,0,,,25.1,0.0,1
2026-04-18 15:00:00,0,0,,,31.0,0.0,1
2026-04-18 16:00:00,0,0,,,25.5,0.0,1
2026-04-18 17:00:00,0,0,,,25.0,0.0,1
2026-04-18 18:00:00,0,0,,,22.1,0.0,1
2026-04-18 19:00:00,0,0,,,32.9,0.0,1
2026-04-18 20:00:00,0,0,,,27.9,0.0,1
2026-04-18 21:00:00,0,0,,,27.5,0.0,1
2026-04-18 22:00:00,0,0,,,34.0,0.0,1
2026-04-19 11:00:00,0,0,,,19.9,0.0,1
2026-04-19 12:00:00,0,0,,,36.2,0.0,1
2026-04-19 13:00:00,0,0,,,33.4,0.0,1
2026-04-19 14:00:00,0,0,,,29.3,0.0,1
2026-04-19 15:00:00,0,0,,,27.0,0.0,1
2026-04-19 16:00:00,0,0,,,29.2,0.0,1
2026-04-19 17:00:00,0,0,,,19.2,0.0,1
2026-04-19 18:00:00,0,0,,,16.6,0.0,1
2026-04-19 19:00:00,0,0,,,21.5,0.0,1
2026-04-19 20:00:00,0,0,,,34.8,0.0,1
2026-04-19 21:00:00,0,0,,,27.0,0.0,1
2026-04-19 22:00:00,0,0,,,25.7,0.0,1
2026-04-20 11:00:00,0,0,,,16.6,0.0,0
2026-04-20 12:00:00,0,0,,,24.9,0.0,0
2026-04-20 13:00:00,0,0,,,40.8,0.0,0
2026-04-20 14:00:00,0,0,,,36.0,0.0,0
2026-04-20 15:00:00,0,0,,,25.9,0.0,0
2026-04-20 16:00:00,0,0,,,30.4,0.0,0
2026-04-20 17:00:00,0,0,,,24.6,0.0,0
2026-04-20 18:00:00,0,0,,,24.6,0.0,0
2026-04-20 19:00:00,0,0,,,27.5,0.0,0
2026-04-20 20:00:00,0,0,,,32.4,0.0,0
2026-04-20 21:00:00,0,0,,,27.5,0.0,0
2026-04-20 22:00:00,0,0,,,27.8,0.0,0
2026-04-21 11:00:00,0,0,,,27.2,0.0,0
2026-04-21 12:00:00,0,0,,,17.3,0.0,0
2026-04-21 13:00:00,0,0,,,26.6,0.0,0
2026-04-21 14:00:00,0,0,,,28.0,0.0,0
2026-04-21 15:00:00,0,0,,,34.2,0.0,0
2026-04-21 16:00:00,0,1,,Local Event,31.0,0.0,0
2026-04-21 17:00:00,0,0,,,27.1,0.0,0
2026-04-21 18:00:00,0,0,,,27.1,0.0,0
2026-04-21 19:00:00,0,0,,,27.2,0.0,0
2026-04-21 20:00:00,0,0,,,30.5,0.0,0
2026-04-21 21:00:00,0,0,,,36.4,0.0,0
2026-04-21 22:00:00,0,0,,,29.4,0.0,0
2026-04-22 11:00:00,0,0,,,25.7,0.0,0
2026-04-22 12:00:00,0,0,,,26.9,0.0,0
2026-04-22 13:00:00,0,0,,,29.4,0.0,0
2026-04-22 14:00:00,0,0,,,26.0,0.0,0
2026-04-22 15:00:00,0,0,,,29.4,0.0,0
2026-04-22 16:00:00,0,0,,,27.2,0.0,0
2026-04-22 17:00:00,0,0,,,25.1,0.0,0
2026-04-22 18:00:00,0,0,,,19.1,0.0,0
2026-04-22 19:00:00,0,1,,Local Event,25.8,5.0,0
2026-04-22 20:00:00,0,1,,Local Event,30.1,0.0,0
2026-04-22 21:00:00,0,1,,Local Event,25.9,0.0,0
2026-04-22 22:00:00,0,0,,,18.3,0.0,0
2026-04-23 11:00:00,0,0,,,22.7,0.0,0
2026-04-23 12:00:00,0,0,,,28.9,0.0,0
2026-04-23 13:00:00,0,0,,,26.4,5.0,0
2026-04-23 14:00:00,0,0,,,23.6,0.0,0
2026-04-23 15:00:00,0,1,,Local Event,34.9,0.0,0
2026-04-23 16:00:00,0,0,,,19.5,0.0,0
2026-04-23 17:00:00,0,1,,Local Event,23.5,0.0,0
2026-04-23 18:00:00,0,0,,,12.0,0.0,0
2026-04-23 19:00:00,0,0,,,32.7,0.0,0
2026-04-23 20:00:00,0,0,,,28.3,0.0,0
2026-04-23 21:00:00,0,0,,,27.5,0.0,0
2026-04-23 22:00:00,0,0,,,22.3,0.0,0
2026-04-24 11:00:00,0,0,,,24.1,0.0,1
2026-04-24 12:00:00,0,0,,,28.2,15.0,1
2026-04-24 13:00:00,0,0,,,30.2,0.0,1
2026-04-24 14:00:00,0,0,,,30.3,0.0,1
2026-04-24 15:00:00,0,0,,,32.5,0.0,1
2026-04-24 16:00:00,0,0,,,27.3,0.0,1
2026-04-24 17:00:00,0,0,,,27.2,0.0,1
2026-04-24 18:00:00,0,0,,,27.4,0.0,1
2026-04-24 19:00:00,0,0,,,31.4,0.0,1
2026-04-24 20:00:00,0,0,,,13.9,15.0,1
2026-04-24 21:00:00,0,0,,,20.2,0.0,1
2026-04-24 22:00:00,0,0,,,33.1,0.0,1
2026-04-25 11:00:00,0,0,,,22.1,0.0,1
2026-04-25 12:00:00,0,0,,,24.1,0.0,1
2026-04-25 13:00:00,0,0,,,37.5,0.0,1
2026-04-25 14:00:00,0,0,,,39.3,0.0,1
2026-04-25 15:00:00,0,0,,,33.4,0.0,1
2026-04-25 16:00:00,0,0,,,25.9,0.0,1
2026-04-25 17:00:00,0,0,,,29.4,0.0,1
2026-04-25 18:00:00,0,0,,,19.6,0.0,1
2026-04-25 19:00:00,0,0,,,19.4,0.0,1
2026-04-25 20:00:00,0,0,,,24.8,0.0,1
2026-04-25 21:00:00,0,1,,Local Event,15.8,0.0,1
2026-04-25 22:00:00,0,0,,,24.8,0.0,1
2026-04-26 11:00:00,0,0,,,24.4,0.0,1
2026-04-26 12:00:00,0,0,,,23.5,0.0,1
2026-04-26 13:00:00,0,1,,Local Event,34.8,0.0,1
2026-04-26 14:00:00,0,0,,,30.3,0.0,1
2026-04-26 15:00:00,0,0,,,31.1,0.0,1
2026-04-26 16:00:00,0,0,,,34.5,0.0,1
2026-04-26 17:00:00,0,0,,,18.6,0.0,1
2026-04-26 18:00:00,0,0,,,26.4,0.0,1
2026-04-26 19:00:00,0,0,,,35.6,0.0,1
2026-04-26 20:00:00,0,0,,,31.7,0.0,1
2026-04-26 21:00:00,0,0,,,25.4,0.0,1
2026-04-26 22:00:00,0,0,,,18.5,0.0,1
2026-04-27 11:00:00,0,1,,Local Event,30.3,0.0,0
2026-04-27 12:00:00,0,0,,,33.0,0.0,0
2026-04-27 13:00:00,0,0,,,41.5,0.0,0
2026-04-27 14:00:00,0,0,,,22.6,0.0,0
2026-04-27 15:00:00,0,1,,Local Event,25.1,0.0,0
2026-04-27 16:00:00,0,0,,,35.0,0.0,0
2026-04-27 17:00:00,0,0,,,20.9,0.0,0
2026-04-27 18:00:00,0,0,,,21.4,0.0,0
2026-04-27 19:00:00,0,0,,,28.9,0.0,0
2026-04-27 20:00:00,0,0,,,21.0,0.0,0
2026-04-27 21:00:00,0,0,,,25.2,0.0,0
2026-04-27 22:00:00,0,0,,,25.6,0.0,0
2026-04-28 11:00:00,0,0,,,20.1,0.0,0
2026-04-28 12:00:00,0,0,,,28.6,0.0,0
2026-04-28 13:00:00,0,0,,,20.1,0.0,0
2026-04-28 14:00:00,0,0,,,30.2,0.0,0
2026-04-28 15:00:00,0,0,,,22.3,0.0,0
2026-04-28 16:00:00,0,0,,,26.8,0.0,0
2026-04-28 17:00:00,0,0,,,27.1,0.0,0
2026-04-28 18:00:00,0,0,,,26.3,5.0,0
2026-04-28 19:00:00,0,0,,,22.5,0.0,0
2026-04-28 20:00:00,0,0,,,24.1,0.0,0
2026-04-28 21:00:00,0,0,,,26.3,0.0,0
2026-04-28 22:00:00,0,0,,,26.1,0.0,0
2026-04-29 11:00:00,0,0,,,27.2,0.0,0
2026-04-29 12:00:00,0,0,,,25.9,0.0,0
2026-04-29 13:00:00,0,0,,,30.8,0.0,0
2026-04-29 14:00:00,0,0,,,41.1,0.0,0
2026-04-29 15:00:00,0,0,,,36.0,0.0,0
2026-04-29 16:00:00,0,0,,,23.7,0.0,0
2026-04-29 17:00:00,0,0,,,30.1,0.0,0
2026-04-29 18:00:00,0,0,,,29.4,0.0,0
2026-04-29 19:00:00,0,0,,,25.4,0.0,0
2026-04-29 20:00:00,0,0,,,24.2,0.0,0
2026-04-29 21:00:00,0,0,,,25.9,0.0,0
2026-04-29 22:00:00,0,0,,,31.1,0.0,0
2026-04-30 11:00:00,0,0,,,31.4,0.0,0
2026-04-30 12:00:00,0,0,,,29.2,0.0,0
2026-04-30 13:00:00,0,0,,,36.1,0.0,0
2026-04-30 14:00:00,0,0,,,35.3,0.0,0
2026-04-30 15:00:00,0,0,,,34.7,0.0,0
2026-04-30 16:00:00,0,0,,,28.9,0.0,0
2026-04-30 17:00:00,0,0,,,20.4,0.0,0
2026-04-30 18:00:00,0,0,,,20.8,0.0,0
2026-04-30 19:00:00,0,0,,,27.1,0.0,0
2026-04-30 20:00:00,0,0,,,25.2,0.0,0
2026-04-30 21:00:00,0,0,,,30.1,0.0,0
2026-04-30 22:00:00,0,0,,,24.2,0.0,0
2026-05-01 11:00:00,0,0,,,24.1,0.0,1
2026-05-01 12:00:00,0,0,,,29.5,0.0,1
2026-05-01 13:00:00,0,0,,,26.9,0.0,1
2026-05-01 14:00:00,0,0,,,32.9,0.0,1
2026-05-01 15:00:00,0,0,,,34.3,0.0,1
2026-05-01 16:00:00,0,0,,,25.9,0.0,1
2026-05-01 17:00:00,0,0,,,29.0,0.0,1
2026-05-01 18:00:00,0,0,,,24.4,0.0,1
2026-05-01 19:00:00,0,0,,,21.4,0.0,1
2026-05-01 20:00:00,0,0,,,27.6,0.0,1
2026-05-01 21:00:00,0,0,,,20.0,0.0,1
2026-05-01 22:00:00,0,0,,,24.1,0.0,1
2026-05-02 11:00:00,0,0,,,22.1,0.0,1
2026-05-02 12:00:00,0,0,,,31.6,0.0,1
2026-05-02 13:00:00,0,0,,,36.3,0.0,1
2026-05-02 14:00:00,0,0,,,27.8,0.0,1
2026-05-02 15:00:00,0,0,,,31.4,0.0,1
2026-05-02 16:00:00,0,0,,,29.9,0.0,1
2026-05-02 17:00:00,0,0,,,26.1,0.0,1
2026-05-02 18:00:00,0,0,,,25.1,0.0,1
2026-05-02 19:00:00,0,0,,,28.3,0.0,1
2026-05-02 20:00:00,0,0,,,22.2,0.0,1
2026-05-02 21:00:00,0,0,,,21.1,0.0,1
2026-05-02 22:00:00,0,0,,,21.2,0.0,1
2026-05-03 11:00:00,0,0,,,15.8,0.0,1
2026-05-03 12:00:00,0,0,,,23.9,0.0,1
2026-05-03 13:00:00,0,0,,,29.2,0.0,1
2026-05-03 14:00:00,0,0,,,28.4,0.0,1
2026-05-03 15:00:00,0,0,,,31.6,0.0,1
2026-05-03 16:00:00,0,0,,,25.6,0.0,1
2026-05-03 17:00:00,0,0,,,25.9,0.0,1
2026-05-03 18:00:00,0,0,,,31.5,0.0,1
2026-05-03 19:00:00,0,0,,,26.3,0.0,1
2026-05-03 20:00:00,0,0,,,23.8,0.0,1
2026-05-03 21:00:00,0,0,,,24.2,0.0,1
2026-05-03 22:00:00,0,0,,,26.1,0.0,1
2026-05-04 11:00:00,0,0,,,18.9,0.0,0
2026-05-04 12:00:00,0,0,,,30.8,0.0,0
2026-05-04 13:00:00,0,0,,,33.3,0.0,0
2026-05-04 14:00:00,0,0,,,34.1,0.0,0
2026-05-04 15:00:00,0,0,,,23.7,0.0,0
2026-05-04 16:00:00,0,0,,,21.0,5.0,0
2026-05-04 17:00:00,0,0,,,23.1,0.0,0
2026-05-04 18:00:00,0,0,,,24.4,0.0,0
2026-05-04 19:00:00,0,0,,,23.0,5.0,0
2026-05-04 20:00:00,0,0,,,26.3,0.0,0
2026-05-04 21:00:00,0,0,,,19.1,0.0,0
2026-05-04 22:00:00,0,0,,,27.4,0.0,0
2026-05-05 11:00:00,0,0,,,30.9,0.0,0
2026-05-05 12:00:00,0,0,,,32.4,0.0,0
2026-05-05 13:00:00,0,0,,,25.1,0.0,0
2026-05-05 14:00:00,0,0,,,28.0,0.0,0
2026-05-05 15:00:00,0,0,,,26.9,0.0,0
2026-05-05 16:00:00,0,0,,,26.5,0.0,0
2026-05-05 17:00:00,0,0,,,30.5,0.0,0
2026-05-05 18:00:00,0,0,,,22.7,0.0,0
2026-05-05 19:00:00,0,0,,,31.5,0.0,0
2026-05-05 20:00:00,0,0,,,19.5,0.0,0
2026-05-05 21:00:00,0,0,,,18.0,0.0,0
2026-05-05 22:00:00,0,0,,,28.0,0.0,0
2026-05-06 11:00:00,0,0,,,25.0,0.0,0
2026-05-06 12:00:00,0,0,,,28.9,0.0,0
2026-05-06 13:00:00,0,0,,,31.6,0.0,0
2026-05-06 14:00:00,0,0,,,38.3,0.0,0
2026-05-06 15:00:00,0,0,,,24.5,0.0,0
2026-05-06 16:00:00,0,0,,,22.6,5.0,0
2026-05-06 17:00:00,0,0,,,29.8,0.0,0
2026-05-06 18:00:00,0,0,,,26.2,0.0,0
2026-05-06 19:00:00,0,0,,,26.5,0.0,0
2026-05-06 20:00:00,0,0,,,25.9,5.0,0
2026-05-06 21:00:00,0,0,,,14.0,0.0,0
2026-05-06 22:00:00,0,0,,,24.2,0.0,0
2026-05-07 11:00:00,0,0,,,21.0,0.0,0
2026-05-07 12:00:00,0,0,,,20.5,0.0,0
2026-05-07 13:00:00,0,0,,,37.0,0.0,0
2026-05-07 14:00:00,0,0,,,33.6,0.0,0
2026-05-07 15:00:00,0,0,,,38.3,0.0,0
2026-05-07 16:00:00,0,0,,,25.3,0.0,0
2026-05-07 17:00:00,0,0,,,27.9,0.0,0
2026-05-07 18:00:00,0,0,,,21.3,0.0,0
2026-05-07 19:00:00,0,0,,,17.5,5.0,0
2026-05-07 20:00:00,0,0,,,24.5,5.0,0
2026-05-07 21:00:00,0,0,,,29.7,0.0,0
2026-05-07 22:00:00,0,0,,,24.7,0.0,0
2026-05-08 11:00:00,0,1,,Local Event,23.7,0.0,1
2026-05-08 12:00:00,0,0,,,28.3,5.0,1
2026-05-08 13:00:00,0,0,,,34.8,0.0,1
2026-05-08 14:00:00,0,0,,,32.3,0.0,1
2026-05-08 15:00:00,0,0,,,34.4,5.0,1
2026-05-08 16:00:00,0,0,,,33.8,0.0,1
2026-05-08 17:00:00,0,0,,,23.3,0.0,1
2026-05-08 18:00:00,0,0,,,21.1,0.0,1
2026-05-08 19:00:00,0,0,,,22.9,0.0,1
2026-05-08 20:00:00,0,0,,,29.6,0.0,1
2026-05-08 21:00:00,0,0,,,23.6,0.0,1
2026-05-08 22:00:00,0,0,,,18.6,0.0,1
2026-05-09 11:00:00,0,0,,,22.1,0.0,1
2026-05-09 12:00:00,0,0,,,26.9,0.0,1
2026-05-09 13:00:00,0,0,,,26.3,5.0,1
2026-05-09 14:00:00,0,0,,,39.5,0.0,1
2026-05-09 15:00:00,0,0,,,27.0,0.0,1
2026-05-09 16:00:00,0,0,,,31.8,0.0,1
2026-05-09 17:00:00,0,0,,,23.0,0.0,1
2026-05-09 18:00:00,0,0,,,19.5,0.0,1
2026-05-09 19:00:00,0,0,,,27.5,0.0,1
2026-05-09 20:00:00,0,0,,,32.2,0.0,1
2026-05-09 21:00:00,0,0,,,40.8,0.0,1
2026-05-09 22:00:00,0,0,,,19.4,0.0,1
2026-05-10 11:00:00,0,0,,,34.6,0.0,1
2026-05-10 12:00:00,0,0,,,26.1,0.0,1
2026-05-10 13:00:00,0,1,,Local Event,19.7,0.0,1
2026-05-10 14:00:00,0,0,,,30.1,0.0,1
2026-05-10 15:00:00,0,0,,,38.2,0.0,1
2026-05-10 16:00:00,0,0,,,31.8,5.0,1
2026-05-10 17:00:00,0,0,,,18.2,0.0,1
2026-05-10 18:00:00,0,0,,,28.0,0.0,1
2026-05-10 19:00:00,0,0,,,22.6,0.0,1
2026-05-10 20:00:00,0,0,,,28.2,0.0,1
2026-05-10 21:00:00,0,0,,,20.1,0.0,1
2026-05-10 22:00:00,0,0,,,26.0,0.0,1
2026-05-11 11:00:00,0,0,,,24.6,0.0,0
2026-05-11 12:00:00,0,1,,Local Event,27.1,0.0,0
2026-05-11 13:00:00,0,0,,,40.8,0.0,0
2026-05-11 14:00:00,0,0,,,22.9,0.0,0
2026-05-11 15:00:00,0,0,,,26.1,0.0,0
2026-05-11 16:00:00,0,0,,,28.7,5.0,0
2026-05-11 17:00:00,0,0,,,33.0,0.0,0
2026-05-11 18:00:00,0,0,,,29.0,0.0,0
2026-05-11 19:00:00,0,0,,,21.0,0.0,0
2026-05-11 20:00:00,0,0,,,29.8,0.0,0
2026-05-11 21:00:00,0,0,,,26.0,0.0,0
2026-05-11 22:00:00,0,0,,,28.8,0.0,0
2026-05-12 11:00:00,0,1,,Local Event,28.5,0.0,0
2026-05-12 12:00:00,0,0,,,44.1,5.0,0
2026-05-12 13:00:00,0,0,,,26.3,0.0,0
2026-05-12 14:00:00,0,0,,,30.9,0.0,0
2026-05-12 15:00:00,0,0,,,37.3,0.0,0
2026-05-12 16:00:00,0,0,,,32.2,0.0,0
2026-05-12 17:00:00,0,0,,,20.2,0.0,0
2026-05-12 18:00:00,0,0,,,26.6,0.0,0
2026-05-12 19:00:00,0,0,,,19.1,0.0,0
2026-05-12 20:00:00,0,0,,,30.3,0.0,0
2026-05-12 21:00:00,0,0,,,22.8,0.0,0
2026-05-12 22:00:00,0,0,,,25.6,0.0,0
2026-05-13 11:00:00,0,0,,,23.1,0.0,0
2026-05-13 12:00:00,0,0,,,28.5,0.0,0
2026-05-13 13:00:00,0,0,,,36.6,0.0,0
2026-05-13 14:00:00,0,0,,,28.9,0.0,0
2026-05-13 15:00:00,0,0,,,35.7,0.0,0
2026-05-13 16:00:00,0,0,,,28.1,0.0,0
2026-05-13 17:00:00,0,0,,,19.5,0.0,0
2026-05-13 18:00:00,0,0,,,32.1,0.0,0
2026-05-13 19:00:00,0,0,,,28.0,0.0,0
2026-05-13 20:00:00,0,0,,,22.1,0.0,0
2026-05-13 21:00:00,0,0,,,31.8,5.0,0
2026-05-13 22:00:00,0,0,,,29.4,0.0,0
2026-05-14 11:00:00,0,0,,,24.0,0.0,0
2026-05-14 12:00:00,0,0,,,31.2,0.0,0
2026-05-14 13:00:00,0,0,,,37.8,0.0,0
2026-05-14 14:00:00,0,0,,,22.3,0.0,0
2026-05-14 15:00:00,0,0,,,28.8,0.0,0
2026-05-14 16:00:00,0,0,,,20.5,0.0,0
2026-05-14 17:00:00,0,0,,,29.8,0.0,0
2026-05-14 18:00:00,0,0,,,26.0,0.0,0
2026-05-14 19:00:00,0,1,,Local Event,21.3,0.0,0
2026-05-14 20:00:00,0,0,,,33.3,0.0,0
2026-05-14 21:00:00,0,0,,,24.4,5.0,0
2026-05-14 22:00:00,0,0,,,23.1,0.0,0
2026-05-15 11:00:00,0,0,,,28.1,0.0,1
2026-05-15 12:00:00,0,0,,,38.2,0.0,1
2026-05-15 13:00:00,0,0,,,31.9,0.0,1
2026-05-15 14:00:00,0,0,,,29.5,0.0,1
2026-05-15 15:00:00,0,0,,,30.4,0.0,1
2026-05-15 16:00:00,0,0,,,26.3,0.0,1
2026-05-15 17:00:00,0,0,,,21.8,5.0,1
2026-05-15 18:00:00,0,0,,,25.4,0.0,1
2026-05-15 19:00:00,0,0,,,22.8,0.0,1
2026-05-15 20:00:00,0,0,,,29.0,0.0,1
2026-05-15 21:00:00,0,0,,,17.3,0.0,1
2026-05-15 22:00:00,0,0,,,24.2,0.0,1
2026-05-16 11:00:00,0,0,,,25.0,0.0,1
2026-05-16 12:00:00,0,0,,,31.5,0.0,1
2026-05-16 13:00:00,0,0,,,31.4,0.0,1
2026-05-16 14:00:00,0,1,,Local Event,27.5,0.0,1
2026-05-16 15:00:00,0,0,,,27.6,0.0,1
2026-05-16 16:00:00,0,1,,Local Event,31.8,0.0,1
2026-05-16 17:00:00,0,0,,,27.0,0.0,1
2026-05-16 18:00:00,0,0,,,26.3,0.0,1
2026-05-16 19:00:00,0,0,,,30.5,0.0,1
2026-05-16 20:00:00,0,0,,,17.2,0.0,1
2026-05-16 21:00:00,0,0,,,26.2,0.0,1
2026-05-16 22:00:00,0,0,,,19.5,0.0,1
2026-05-17 11:00:00,0,0,,,25.6,0.0,1
2026-05-17 12:00:00,0,0,,,26.9,0.0,1
2026-05-17 13:00:00,0,0,,,25.7,0.0,1
2026-05-17 14:00:00,0,0,,,24.4,5.0,1
2026-05-17 15:00:00,0,1,,Local Event,34.0,0.0,1
2026-05-17 16:00:00,0,0,,,20.7,0.0,1
2026-05-17 17:00:00,0,0,,,25.2,0.0,1
2026-05-17 18:00:00,0,0,,,27.8,0.0,1
2026-05-17 19:00:00,0,0,,,26.6,0.0,1
2026-05-17 20:00:00,0,0,,,16.0,0.0,1
2026-05-17 21:00:00,0,0,,,25.0,0.0,1
2026-05-17 22:00:00,0,0,,,30.9,0.0,1
2026-05-18 11:00:00,0,0,,,26.4,0.0,0
2026-05-18 12:00:00,0,0,,,30.0,0.0,0
2026-05-18 13:00:00,0,0,,,22.2,0.0,0
2026-05-18 14:00:00,0,0,,,24.1,0.0,0
2026-05-18 15:00:00,0,0,,,20.8,0.0,0
2026-05-18 16:00:00,0,0,,,34.5,0.0,0
2026-05-18 17:00:00,0,0,,,25.8,0.0,0
2026-05-18 18:00:00,0,0,,,36.0,0.0,0
2026-05-18 19:00:00,0,0,,,26.0,0.0,0
2026-05-18 20:00:00,0,0,,,19.5,0.0,0
2026-05-18 21:00:00,0,0,,,24.5,0.0,0
2026-05-18 22:00:00,0,0,,,20.6,0.0,0
2026-05-19 11:00:00,0,0,,,28.8,5.0,0
2026-05-19 12:00:00,0,0,,,28.5,0.0,0
2026-05-19 13:00:00,0,0,,,24.4,0.0,0
2026-05-19 14:00:00,0,0,,,34.6,0.0,0
2026-05-19 15:00:00,0,0,,,23.2,0.0,0
2026-05-19 16:00:00,0,0,,,24.6,0.0,0
2026-05-19 17:00:00,0,0,,,24.7,0.0,0
2026-05-19 18:00:00,0,0,,,26.8,5.0,0
2026-05-19 19:00:00,0,0,,,30.8,0.0,0
2026-05-19 20:00:00,0,0,,,29.9,0.0,0
2026-05-19 21:00:00,0,0,,,32.5,0.0,0
2026-05-19 22:00:00,0,0,,,28.0,0.0,0
2026-05-20 11:00:00,0,0,,,17.6,0.0,0
2026-05-20 12:00:00,0,0,,,29.0,0.0,0
2026-05-20 13:00:00,0,0,,,36.0,0.0,0
2026-05-20 14:00:00,0,0,,,22.4,0.0,0
2026-05-20 15:00:00,0,0,,,27.9,0.0,0
2026-05-20 16:00:00,0,0,,,23.2,0.0,0
2026-05-20 17:00:00,0,0,,,21.8,0.0,0
2026-05-20 18:00:00,0,0,,,28.7,0.0,0
2026-05-20 19:00:00,0,0,,,27.5,0.0,0
2026-05-20 20:00:00,0,0,,,26.9,0.0,0
2026-05-20 21:00:00,0,0,,,25.8,0.0,0
2026-05-20 22:00:00,0,0,,,23.3,0.0,0
2026-05-21 11:00:00,0,0,,,21.2,0.0,0
2026-05-21 12:00:00,0,0,,,35.2,0.0,0
2026-05-21 13:00:00,0,0,,,33.4,0.0,0
2026-05-21 14:00:00,0,0,,,24.2,0.0,0
2026-05-21 15:00:00,0,0,,,21.7,0.0,0
2026-05-21 16:00:00,0,0,,,32.5,0.0,0
2026-05-21 17:00:00,0,0,,,34.7,0.0,0
2026-05-21 18:00:00,0,0,,,30.1,0.0,0
2026-05-21 19:00:00,0,0,,,20.3,0.0,0
2026-05-21 20:00:00,0,0,,,22.2,0.0,0
2026-05-21 21:00:00,0,0,,,27.0,0.0,0
2026-05-21 22:00:00,0,0,,,28.6,0.0,0
2026-05-22 11:00:00,0,0,,,26.5,0.0,1
2026-05-22 12:00:00,0,0,,,25.9,0.0,1
2026-05-22 13:00:00,0,0,,,27.4,0.0,1
2026-05-22 14:00:00,0,0,,,30.2,0.0,1
2026-05-22 15:00:00,0,0,,,24.5,0.0,1
2026-05-22 16:00:00,0,0,,,30.7,0.0,1
2026-05-22 17:00:00,0,0,,,13.1,0.0,1
2026-05-22 18:00:00,0,0,,,35.2,0.0,1
2026-05-22 19:00:00,0,1,,Local Event,21.7,0.0,1
2026-05-22 20:00:00,0,0,,,26.0,0.0,1
2026-05-22 21:00:00,0,0,,,21.6,0.0,1
2026-05-22 22:00:00,0,0,,,17.8,0.0,1
2026-05-23 11:00:00,0,0,,,26.6,0.0,1
2026-05-23 12:00:00,0,0,,,27.3,0.0,1
2026-05-23 13:00:00,0,1,,Local Event,25.5,0.0,1
2026-05-23 14:00:00,0,0,,,25.2,0.0,1
2026-05-23 15:00:00,0,0,,,32.4,0.0,1
2026-05-23 16:00:00,0,0,,,35.4,0.0,1
2026-05-23 17:00:00,0,0,,,24.4,0.0,1
2026-05-23 18:00:00,0,0,,,29.2,0.0,1
2026-05-23 19:00:00,0,0,,,21.7,0.0,1
2026-05-23 20:00:00,0,0,,,24.7,0.0,1
2026-05-23 21:00:00,0,0,,,26.3,0.0,1
2026-05-23 22:00:00,0,0,,,15.3,0.0,1
2026-05-24 11:00:00,0,0,,,31.8,0.0,1
2026-05-24 12:00:00,0,0,,,24.6,0.0,1
2026-05-24 13:00:00,0,0,,,31.8,0.0,1
2026-05-24 14:00:00,0,0,,,25.8,0.0,1
2026-05-24 15:00:00,0,0,,,21.1,0.0,1
2026-05-24 16:00:00,0,0,,,18.8,0.0,1
2026-05-24 17:00:00,0,0,,,30.9,0.0,1
2026-05-24 18:00:00,0,0,,,23.6,0.0,1
2026-05-24 19:00:00,0,0,,,27.8,0.0,1
2026-05-24 20:00:00,0,0,,,28.4,0.0,1
2026-05-24 21:00:00,0,0,,,20.6,0.0,1
2026-05-24 22:00:00,0,0,,,25.5,0.0,1
2026-05-25 11:00:00,0,1,,Local Event,30.7,0.0,0
2026-05-25 12:00:00,0,0,,,31.5,0.0,0
2026-05-25 13:00:00,0,0,,,24.2,0.0,0
2026-05-25 14:00:00,0,0,,,23.3,0.0,0
2026-05-25 15:00:00,0,0,,,35.9,0.0,0
2026-05-25 16:00:00,0,0,,,39.2,0.0,0
2026-05-25 17:00:00,0,0,,,29.3,5.0,0
2026-05-25 18:00:00,0,0,,,27.1,0.0,0
2026-05-25 19:00:00,0,0,,,26.6,0.0,0
2026-05-25 20:00:00,0,0,,,31.4,0.0,0
2026-05-25 21:00:00,0,0,,,22.7,0.0,0
2026-05-25 22:00:00,0,1,,Local Event,28.8,5.0,0
2026-05-26 11:00:00,0,0,,,19.0,0.0,0
2026-05-26 12:00:00,0,0,,,31.4,0.0,0
2026-05-26 13:00:00,0,0,,,32.1,0.0,0
2026-05-26 14:00:00,0,0,,,27.1,0.0,0
2026-05-26 15:00:00,0,0,,,27.1,0.0,0
2026-05-26 16:00:00,0,0,,,27.7,0.0,0
2026-05-26 17:00:00,0,0,,,14.2,5.0,0
2026-05-26 18:00:00,0,0,,,19.0,0.0,0
2026-05-26 19:00:00,0,0,,,17.1,0.0,0
2026-05-26 20:00:00,0,0,,,27.1,0.0,0
2026-05-26 21:00:00,0,0,,,28.5,0.0,0
2026-05-26 22:00:00,0,0,,,26.3,0.0,0
2026-05-27 11:00:00,0,0,,,19.1,0.0,0
2026-05-27 12:00:00,0,0,,,35.3,0.0,0
2026-05-27 13:00:00,0,0,,,29.1,0.0,0
2026-05-27 14:00:00,0,0,,,25.4,0.0,0
2026-05-27 15:00:00,0,0,,,27.6,0.0,0
2026-05-27 16:00:00,0,0,,,35.4,0.0,0
2026-05-27 17:00:00,0,0,,,18.1,0.0,0
2026-05-27 18:00:00,0,0,,,28.8,0.0,0
2026-05-27 19:00:00,0,0,,,27.5,0.0,0
2026-05-27 20:00:00,0,0,,,20.6,5.0,0
2026-05-27 21:00:00,0,0,,,28.7,0.0,0
2026-05-27 22:00:00,0,0,,,21.8,0.0,0
2026-05-28 11:00:00,0,0,,,19.8,0.0,0
2026-05-28 12:00:00,0,0,,,39.7,0.0,0
2026-05-28 13:00:00,0,0,,,31.9,0.0,0
2026-05-28 14:00:00,0,0,,,32.9,0.0,0
2026-05-28 15:00:00,0,0,,,37.0,0.0,0
2026-05-28 16:00:00,0,0,,,34.2,0.0,0
2026-05-28 17:00:00,0,0,,,20.0,0.0,0
2026-05-28 18:00:00,0,0,,,26.8,0.0,0
2026-05-28 19:00:00,0,0,,,20.5,0.0,0
2026-05-28 20:00:00,0,0,,,26.1,0.0,0
2026-05-28 21:00:00,0,0,,,29.3,5.0,0
2026-05-28 22:00:00,0,0,,,18.9,0.0,0
2026-05-29 11:00:00,0,0,,,22.0,0.0,1
2026-05-29 12:00:00,0,0,,,28.5,0.0,1
2026-05-29 13:00:00,0,0,,,24.1,0.0,1
2026-05-29 14:00:00,0,0,,,39.1,0.0,1
2026-05-29 15:00:00,0,0,,,31.0,0.0,1
2026-05-29 16:00:00,0,0,,,25.1,0.0,1
2026-05-29 17:00:00,0,0,,,30.1,0.0,1
2026-05-29 18:00:00,0,0,,,29.6,0.0,1
2026-05-29 19:00:00,0,0,,,27.7,15.0,1
2026-05-29 20:00:00,0,0,,,14.1,0.0,1
2026-05-29 21:00:00,0,0,,,27.1,0.0,1
2026-05-29 22:00:00,0,0,,,31.6,0.0,1
2026-05-30 11:00:00,0,1,,Local Event,19.5,0.0,1
2026-05-30 12:00:00,0,0,,,28.7,0.0,1
2026-05-30 13:00:00,0,0,,,33.4,0.0,1
2026-05-30 14:00:00,0,0,,,25.8,0.0,1
2026-05-30 15:00:00,0,1,,Local Event,37.2,0.0,1
2026-05-30 16:00:00,0,0,,,27.4,0.0,1
2026-05-30 17:00:00,0,0,,,30.7,0.0,1
2026-05-30 18:00:00,0,0,,,10.8,0.0,1
2026-05-30 19:00:00,0,0,,,20.6,0.0,1
2026-05-30 20:00:00,0,0,,,28.9,0.0,1
2026-05-30 21:00:00,0,0,,,30.5,0.0,1
2026-05-30 22:00:00,0,0,,,27.1,0.0,1
2026-05-31 11:00:00,0,0,,,21.6,0.0,1
2026-05-31 12:00:00,0,0,,,15.4,0.0,1
2026-05-31 13:00:00,0,0,,,19.9,0.0,1
2026-05-31 14:00:00,0,0,,,15.8,0.0,1
2026-05-31 15:00:00,0,0,,,33.2,0.0,1
2026-05-31 16:00:00,0,0,,,38.1,0.0,1
2026-05-31 17:00:00,0,0,,,23.8,5.0,1
2026-05-31 18:00:00,0,0,,,28.1,0.0,1
2026-05-31 19:00:00,0,0,,,23.4,0.0,1
2026-05-31 20:00:00,0,0,,,20.3,0.0,1
2026-05-31 21:00:00,0,0,,,22.2,0.0,1
2026-05-31 22:00:00,0,0,,,22.6,0.0,1
2026-06-01 11:00:00,0,0,,,20.7,5.0,0
2026-06-01 12:00:00,0,0,,,30.2,0.0,0
2026-06-01 13:00:00,0,0,,,32.4,0.0,0
2026-06-01 14:00:00,0,0,,,24.7,0.0,0
2026-06-01 15:00:00,0,0,,,34.3,0.0,0
2026-06-01 16:00:00,0,0,,,31.3,0.0,0
2026-06-01 17:00:00,0,0,,,32.4,0.0,0
2026-06-01 18:00:00,0,0,,,21.5,0.0,0
2026-06-01 19:00:00,0,0,,,17.8,0.0,0
2026-06-01 20:00:00,0,0,,,22.6,5.0,0
2026-06-01 21:00:00,0,0,,,29.8,0.0,0
2026-06-01 22:00:00,0,0,,,27.6,0.0,0
2026-06-02 11:00:00,0,0,,,25.6,0.0,0
2026-06-02 12:00:00,0,0,,,27.7,0.0,0
2026-06-02 13:00:00,0,0,,,32.9,0.0,0
2026-06-02 14:00:00,0,0,,,29.4,0.0,0
2026-06-02 15:00:00,0,0,,,27.0,0.0,0
2026-06-02 16:00:00,0,0,,,33.0,0.0,0
2026-06-02 17:00:00,0,1,,Local Event,36.9,0.0,0
2026-06-02 18:00:00,0,1,,Local Event,30.9,5.0,0
2026-06-02 19:00:00,0,0,,,28.6,0.0,0
2026-06-02 20:00:00,0,0,,,25.6,0.0,0
2026-06-02 21:00:00,0,0,,,24.6,0.0,0
2026-06-02 22:00:00,0,0,,,9.1,0.0,0
2026-06-03 11:00:00,0,0,,,19.1,0.0,0
2026-06-03 12:00:00,0,0,,,29.8,0.0,0
2026-06-03 13:00:00,0,0,,,26.0,0.0,0
2026-06-03 14:00:00,0,0,,,30.2,0.0,0
2026-06-03 15:00:00,0,0,,,30.0,0.0,0
2026-06-03 16:00:00,0,0,,,32.1,0.0,0
2026-06-03 17:00:00,0,0,,,20.7,0.0,0
2026-06-03 18:00:00,0,0,,,25.5,0.0,0
2026-06-03 19:00:00,0,0,,,23.8,0.0,0
2026-06-03 20:00:00,0,0,,,23.0,0.0,0
2026-06-03 21:00:00,0,0,,,17.5,0.0,0
2026-06-03 22:00:00,0,0,,,31.4,0.0,0
2026-06-04 11:00:00,0,0,,,28.4,0.0,0
2026-06-04 12:00:00,0,0,,,31.9,0.0,0
2026-06-04 13:00:00,0,0,,,24.1,0.0,0
2026-06-04 14:00:00,0,0,,,28.7,0.0,0
2026-06-04 15:00:00,0,0,,,33.2,0.0,0
2026-06-04 16:00:00,0,0,,,30.1,0.0,0
2026-06-04 17:00:00,0,0,,,19.5,0.0,0
2026-06-04 18:00:00,0,0,,,9.1,0.0,0
2026-06-04 19:00:00,0,0,,,38.8,0.0,0
2026-06-04 20:00:00,0,0,,,23.5,0.0,0
2026-06-04 21:00:00,0,0,,,23.7,0.0,0
2026-06-04 22:00:00,0,0,,,23.0,0.0,0
2026-06-05 11:00:00,0,0,,,27.4,0.0,1
2026-06-05 12:00:00,0,0,,,20.3,0.0,1
2026-06-05 13:00:00,0,0,,,23.0,0.0,1
2026-06-05 14:00:00,0,0,,,26.5,0.0,1
2026-06-05 15:00:00,0,0,,,37.1,0.0,1
2026-06-05 16:00:00,0,0,,,27.9,0.0,1
2026-06-05 17:00:00,0,0,,,26.5,0.0,1
2026-06-05 18:00:00,0,0,,,23.8,0.0,1
2026-06-05 19:00:00,0,0,,,24.2,0.0,1
2026-06-05 20:00:00,0,0,,,24.1,0.0,1
2026-06-05 21:00:00,0,0,,,24.7,0.0,1
2026-06-05 22:00:00,0,0,,,26.2,0.0,1
2026-06-06 11:00:00,0,0,,,29.3,0.0,1
2026-06-06 12:00:00,0,0,,,24.1,0.0,1
2026-06-06 13:00:00,0,0,,,32.9,0.0,1
2026-06-06 14:00:00,0,0,,,33.1,0.0,1
2026-06-06 15:00:00,0,0,,,36.8,0.0,1
2026-06-06 16:00:00,0,0,,,26.7,0.0,1
2026-06-06 17:00:00,0,0,,,28.4,0.0,1
2026-06-06 18:00:00,0,0,,,24.3,0.0,1
2026-06-06 19:00:00,0,0,,,22.2,0.0,1
2026-06-06 20:00:00,0,0,,,27.4,0.0,1
2026-06-06 21:00:00,0,0,,,30.9,0.0,1
2026-06-06 22:00:00,0,1,,Local Event,36.7,0.0,1
2026-06-07 11:00:00,0,0,,,29.4,0.0,1
2026-06-07 12:00:00,0,0,,,34.7,0.0,1
2026-06-07 13:00:00,0,0,,,26.6,0.0,1
2026-06-07 14:00:00,0,0,,,23.2,0.0,1
2026-06-07 15:00:00,0,0,,,30.7,0.0,1
2026-06-07 16:00:00,0,0,,,27.4,0.0,1
2026-06-07 17:00:00,0,0,,,18.8,0.0,1
2026-06-07 18:00:00,0,0,,,26.2,0.0,1
2026-06-07 19:00:00,0,0,,,21.6,0.0,1
2026-06-07 20:00:00,0,0,,,29.8,0.0,1
2026-06-07 21:00:00,0,0,,,20.7,0.0,1
2026-06-07 22:00:00,0,0,,,27.4,0.0,1
2026-06-08 11:00:00,0,0,,,21.1,0.0,0
2026-06-08 12:00:00,0,0,,,38.0,0.0,0
2026-06-08 13:00:00,0,0,,,25.9,0.0,0
2026-06-08 14:00:00,0,0,,,23.9,0.0,0
2026-06-08 15:00:00,0,0,,,21.6,0.0,0
2026-06-08 16:00:00,0,0,,,24.4,0.0,0
2026-06-08 17:00:00,0,0,,,19.9,0.0,0
2026-06-08 18:00:00,0,0,,,23.1,0.0,0
2026-06-08 19:00:00,0,0,,,26.3,0.0,0
2026-06-08 20:00:00,0,0,,,20.9,0.0,0
2026-06-08 21:00:00,0,0,,,29.1,0.0,0
2026-06-08 22:00:00,0,0,,,25.8,0.0,0
2026-06-09 11:00:00,0,0,,,31.8,0.0,0
2026-06-09 12:00:00,0,0,,,36.5,0.0,0
2026-06-09 13:00:00,0,0,,,38.3,0.0,0
2026-06-09 14:00:00,0,0,,,31.5,0.0,0
2026-06-09 15:00:00,0,0,,,27.8,0.0,0
2026-06-09 16:00:00,0,1,,Local Event,31.2,0.0,0
2026-06-09 17:00:00,0,0,,,30.5,0.0,0
2026-06-09 18:00:00,0,0,,,14.0,0.0,0
2026-06-09 19:00:00,0,0,,,25.0,5.0,0
2026-06-09 20:00:00,0,0,,,31.1,0.0,0
2026-06-09 21:00:00,0,0,,,27.9,0.0,0
2026-06-09 22:00:00,0,0,,,24.0,0.0,0
2026-06-10 11:00:00,0,0,,,21.3,0.0,0
2026-06-10 12:00:00,0,0,,,23.3,0.0,0
2026-06-10 13:00:00,0,0,,,33.9,0.0,0
2026-06-10 14:00:00,0,0,,,34.8,0.0,0
2026-06-10 15:00:00,0,0,,,29.7,0.0,0
2026-06-10 16:00:00,0,0,,,32.5,5.0,0
2026-06-10 17:00:00,0,0,,,21.7,0.0,0
2026-06-10 18:00:00,0,0,,,23.8,0.0,0
2026-06-10 19:00:00,0,0,,,32.6,0.0,0
2026-06-10 20:00:00,0,0,,,24.6,0.0,0
2026-06-10 21:00:00,0,0,,,31.9,0.0,0
2026-06-10 22:00:00,0,0,,,25.6,0.0,0
2026-06-11 11:00:00,0,0,,,26.4,0.0,0
2026-06-11 12:00:00,0,1,,Local Event,29.3,0.0,0
2026-06-11 13:00:00,0,0,,,31.0,0.0,0
2026-06-11 14:00:00,0,0,,,42.0,0.0,0
2026-06-11 15:00:00,0,0,,,29.4,0.0,0
2026-06-11 16:00:00,0,0,,,32.8,0.0,0
2026-06-11 17:00:00,0,0,,,28.6,0.0,0
2026-06-11 18:00:00,0,0,,,40.6,0.0,0
2026-06-11 19:00:00,0,0,,,16.0,0.0,0
2026-06-11 20:00:00,0,0,,,23.3,0.0,0
2026-06-11 21:00:00,0,0,,,21.3,0.0,0
2026-06-11 22:00:00,0,0,,,24.3,0.0,0
2026-06-12 11:00:00,0,0,,,25.0,0.0,1
2026-06-12 12:00:00,0,0,,,28.8,0.0,1
2026-06-12 13:00:00,0,0,,,19.5,0.0,1
2026-06-12 14:00:00,0,0,,,40.2,0.0,1
2026-06-12 15:00:00,0,0,,,29.1,0.0,1
2026-06-12 16:00:00,0,0,,,22.0,0.0,1
2026-06-12 17:00:00,0,0,,,31.4,0.0,1
2026-06-12 18:00:00,0,0,,,25.1,0.0,1
2026-06-12 19:00:00,0,0,,,28.7,5.0,1
2026-06-12 20:00:00,0,0,,,27.7,0.0,1
2026-06-12 21:00:00,0,0,,,35.9,0.0,1
2026-06-12 22:00:00,0,0,,,21.6,0.0,1
2026-06-13 11:00:00,0,0,,,24.1,0.0,1
2026-06-13 12:00:00,0,0,,,25.9,15.0,1
2026-06-13 13:00:00,0,0,,,19.6,0.0,1
2026-06-13 14:00:00,0,0,,,29.9,0.0,1
2026-06-13 15:00:00,0,0,,,31.7,0.0,1
2026-06-13 16:00:00,0,0,,,28.6,0.0,1
2026-06-13 17:00:00,0,0,,,28.5,0.0,1
2026-06-13 18:00:00,0,0,,,25.1,0.0,1
2026-06-13 19:00:00,0,0,,,23.3,0.0,1
2026-06-13 20:00:00,0,0,,,18.3,0.0,1
2026-06-13 21:00:00,0,0,,,24.9,0.0,1
2026-06-13 22:00:00,0,0,,,26.4,0.0,1
2026-06-14 11:00:00,0,0,,,28.0,0.0,1
2026-06-14 12:00:00,0,0,,,22.2,0.0,1
2026-06-14 13:00:00,0,0,,,31.7,0.0,1
2026-06-14 14:00:00,0,0,,,37.4,0.0,1
2026-06-14 15:00:00,0,0,,,34.8,5.0,1
2026-06-14 16:00:00,0,0,,,41.6,0.0,1
2026-06-14 17:00:00,0,0,,,15.9,0.0,1
2026-06-14 18:00:00,0,0,,,21.5,0.0,1
2026-06-14 19:00:00,0,0,,,24.4,0.0,1
2026-06-14 20:00:00,0,0,,,23.3,0.0,1
2026-06-14 21:00:00,0,0,,,21.2,0.0,1
2026-06-14 22:00:00,0,0,,,25.3,0.0,1
2026-06-15 11:00:00,0,0,,,26.2,0.0,0
2026-06-15 12:00:00,0,0,,,30.4,0.0,0
2026-06-15 13:00:00,0,0,,,24.6,0.0,0
2026-06-15 14:00:00,0,1,,Local Event,30.4,0.0,0
2026-06-15 15:00:00,0,0,,,29.8,5.0,0
2026-06-15 16:00:00,0,0,,,23.0,0.0,0
2026-06-15 17:00:00,0,0,,,17.1,0.0,0
2026-06-15 18:00:00,0,0,,,29.1,5.0,0
2026-06-15 19:00:00,0,0,,,23.7,0.0,0
2026-06-15 20:00:00,0,0,,,24.7,0.0,0
2026-06-15 21:00:00,0,0,,,23.6,0.0,0
2026-06-15 22:00:00,0,0,,,24.9,0.0,0
2026-06-16 11:00:00,0,0,,,27.2,0.0,0
2026-06-16 12:00:00,0,0,,,34.2,0.0,0
2026-06-16 13:00:00,0,0,,,22.1,0.0,0
2026-06-16 14:00:00,0,0,,,30.3,5.0,0
2026-06-16 15:00:00,0,0,,,26.5,0.0,0
2026-06-16 16:00:00,0,0,,,26.7,0.0,0
2026-06-16 17:00:00,0,0,,,30.2,0.0,0
2026-06-16 18:00:00,0,1,,Local Event,23.0,0.0,0
2026-06-16 19:00:00,0,0,,,24.4,0.0,0
2026-06-16 20:00:00,0,0,,,23.9,0.0,0
2026-06-16 21:00:00,0,0,,,27.6,5.0,0
2026-06-16 22:00:00,0,0,,,22.4,0.0,0
2026-06-17 11:00:00,0,0,,,25.7,0.0,0
2026-06-17 12:00:00,0,0,,,44.6,0.0,0
2026-06-17 13:00:00,0,0,,,29.5,0.0,0
2026-06-17 14:00:00,0,0,,,30.1,0.0,0
2026-06-17 15:00:00,0,0,,,26.2,0.0,0
2026-06-17 16:00:00,0,0,,,24.4,0.0,0
2026-06-17 17:00:00,0,0,,,27.7,0.0,0
2026-06-17 18:00:00,0,1,,Local Event,34.0,0.0,0
2026-06-17 19:00:00,0,0,,,26.1,0.0,0
2026-06-17 20:00:00,0,0,,,22.8,0.0,0
2026-06-17 21:00:00,0,0,,,23.2,0.0,0
2026-06-17 22:00:00,0,1,,Local Event,26.1,0.0,0
2026-06-18 11:00:00,0,0,,,27.8,0.0,0
2026-06-18 12:00:00,0,0,,,27.0,0.0,0
2026-06-18 13:00:00,0,0,,,25.8,0.0,0
2026-06-18 14:00:00,0,0,,,34.6,0.0,0
2026-06-18 15:00:00,0,0,,,41.9,0.0,0
2026-06-18 16:00:00,0,0,,,34.1,0.0,0
2026-06-18 17:00:00,0,0,,,25.5,0.0,0
2026-06-18 18:00:00,0,0,,,19.6,0.0,0
2026-06-18 19:00:00,0,0,,,26.5,0.0,0
2026-06-18 20:00:00,0,0,,,22.5,0.0,0
2026-06-18 21:00:00,0,0,,,23.9,0.0,0
2026-06-18 22:00:00,0,0,,,20.4,0.0,0
2026-06-19 11:00:00,0,0,,,28.0,0.0,1
2026-06-19 12:00:00,0,0,,,34.8,0.0,1
2026-06-19 13:00:00,0,0,,,31.5,0.0,1
2026-06-19 14:00:00,0,0,,,40.3,0.0,1
2026-06-19 15:00:00,0,0,,,29.5,0.0,1
2026-06-19 16:00:00,0,0,,,25.8,0.0,1
2026-06-19 17:00:00,0,0,,,22.0,0.0,1
2026-06-19 18:00:00,0,0,,,17.2,0.0,1
2026-06-19 19:00:00,0,0,,,20.2,0.0,1
2026-06-19 20:00:00,0,0,,,22.3,0.0,1
2026-06-19 21:00:00,0,0,,,22.9,0.0,1
2026-06-19 22:00:00,0,0,,,21.3,0.0,1
2026-06-20 11:00:00,0,0,,,26.4,0.0,1
2026-06-20 12:00:00,0,0,,,32.1,0.0,1
2026-06-20 13:00:00,0,0,,,35.5,0.0,1
2026-06-20 14:00:00,0,0,,,27.3,0.0,1
2026-06-20 15:00:00,0,0,,,23.3,0.0,1
2026-06-20 16:00:00,0,0,,,33.6,0.0,1
2026-06-20 17:00:00,0,1,,Local Event,23.0,0.0,1
2026-06-20 18:00:00,0,0,,,28.9,0.0,1
2026-06-20 19:00:00,0,0,,,21.1,0.0,1
2026-06-20 20:00:00,0,0,,,25.4,0.0,1
2026-06-20 21:00:00,0,0,,,33.1,0.0,1
2026-06-20 22:00:00,0,0,,,27.1,0.0,1
2026-06-21 11:00:00,0,0,,,32.9,0.0,1
2026-06-21 12:00:00,0,0,,,32.3,0.0,1
2026-06-21 13:00:00,0,0,,,30.4,0.0,1
2026-06-21 14:00:00,0,0,,,33.8,0.0,1
2026-06-21 15:00:00,0,0,,,34.3,0.0,1
2026-06-21 16:00:00,0,0,,,32.8,0.0,1
2026-06-21 17:00:00,0,0,,,21.2,0.0,1
2026-06-21 18:00:00,0,0,,,20.1,0.0,1
2026-06-21 19:00:00,0,0,,,21.0,0.0,1
2026-06-21 20:00:00,0,0,,,25.9,5.0,1
2026-06-21 21:00:00,0,0,,,17.4,0.0,1
2026-06-21 22:00:00,0,0,,,23.9,0.0,1
2026-06-22 11:00:00,0,0,,,30.4,0.0,0
2026-06-22 12:00:00,0,0,,,31.1,0.0,0
2026-06-22 13:00:00,0,0,,,32.4,0.0,0
2026-06-22 14:00:00,0,0,,,21.3,0.0,0
2026-06-22 15:00:00,0,0,,,31.3,15.0,0
2026-06-22 16:00:00,0,0,,,36.0,0.0,0
2026-06-22 17:00:00,0,0,,,22.4,0.0,0
2026-06-22 18:00:00,0,0,,,21.0,5.0,0
2026-06-22 19:00:00,0,0,,,23.3,0.0,0
2026-06-22 20:00:00,0,0,,,28.9,0.0,0
2026-06-22 21:00:00,0,0,,,16.5,0.0,0
2026-06-22 22:00:00,0,0,,,22.2,5.0,0
2026-06-23 11:00:00,0,0,,,23.6,0.0,0
2026-06-23 12:00:00,0,0,,,19.0,0.0,0
2026-06-23 13:00:00,0,0,,,30.8,0.0,0
2026-06-23 14:00:00,0,0,,,35.8,0.0,0
2026-06-23 15:00:00,0,0,,,21.0,5.0,0
2026-06-23 16:00:00,0,0,,,28.6,0.0,0
2026-06-23 17:00:00,0,0,,,24.0,0.0,0
2026-06-23 18:00:00,0,0,,,17.5,0.0,0
2026-06-23 19:00:00,0,0,,,18.8,0.0,0
2026-06-23 20:00:00,0,0,,,19.4,0.0,0
2026-06-23 21:00:00,0,0,,,19.5,0.0,0
2026-06-23 22:00:00,0,0,,,24.7,0.0,0
2026-06-24 11:00:00,0,0,,,37.9,5.0,0
2026-06-24 12:00:00,0,0,,,18.8,0.0,0
2026-06-24 13:00:00,0,0,,,27.1,0.0,0
2026-06-24 14:00:00,0,0,,,26.9,0.0,0
2026-06-24 15:00:00,0,0,,,34.2,0.0,0
2026-06-24 16:00:00,0,0,,,30.1,0.0,0
2026-06-24 17:00:00,0,0,,,18.3,0.0,0
2026-06-24 18:00:00,0,0,,,14.1,0.0,0
2026-06-24 19:00:00,0,0,,,25.5,0.0,0
2026-06-24 20:00:00,0,0,,,25.7,0.0,0
2026-06-24 21:00:00,0,0,,,26.2,0.0,0
2026-06-24 22:00:00,0,0,,,28.7,5.0,0
2026-06-25 11:00:00,0,0,,,15.5,0.0,0
2026-06-25 12:00:00,0,0,,,31.6,0.0,0
2026-06-25 13:00:00,0,0,,,25.7,0.0,0
2026-06-25 14:00:00,0,0,,,30.0,0.0,0
2026-06-25 15:00:00,0,0,,,27.4,0.0,0
2026-06-25 16:00:00,0,0,,,27.4,0.0,0
2026-06-25 17:00:00,0,0,,,23.1,0.0,0
2026-06-25 18:00:00,0,0,,,15.1,0.0,0
2026-06-25 19:00:00,0,0,,,25.2,0.0,0
2026-06-25 20:00:00,0,0,,,19.0,0.0,0
2026-06-25 21:00:00,0,1,,Local Event,29.8,0.0,0
2026-06-25 22:00:00,0,0,,,24.9,0.0,0
2026-06-26 11:00:00,0,0,,,21.6,0.0,1
2026-06-26 12:00:00,0,0,,,26.9,0.0,1
2026-06-26 13:00:00,0,0,,,33.4,0.0,1
2026-06-26 14:00:00,0,0,,,26.9,0.0,1
2026-06-26 15:00:00,0,0,,,27.0,0.0,1
2026-06-26 16:00:00,0,0,,,26.8,0.0,1
2026-06-26 17:00:00,0,1,,Local Event,18.3,0.0,1
2026-06-26 18:00:00,0,0,,,33.8,0.0,1
2026-06-26 19:00:00,0,0,,,22.8,0.0,1
2026-06-26 20:00:00,0,0,,,25.6,0.0,1
2026-06-26 21:00:00,0,0,,,21.9,0.0,1
2026-06-26 22:00:00,0,0,,,23.6,0.0,1
2026-06-27 11:00:00,0,0,,,30.5,0.0,1
2026-06-27 12:00:00,0,0,,,26.3,0.0,1
2026-06-27 13:00:00,0,0,,,28.4,0.0,1
2026-06-27 14:00:00,0,0,,,30.6,0.0,1
2026-06-27 15:00:00,0,1,,Local Event,29.2,0.0,1
2026-06-27 16:00:00,0,0,,,38.2,0.0,1
2026-06-27 17:00:00,0,0,,,34.8,0.0,1
2026-06-27 18:00:00,0,0,,,27.3,0.0,1
2026-06-27 19:00:00,0,0,,,25.7,0.0,1
2026-06-27 20:00:00,0,0,,,27.1,0.0,1
2026-06-27 21:00:00,0,0,,,23.1,0.0,1
2026-06-27 22:00:00,0,0,,,35.4,0.0,1
2026-06-28 11:00:00,0,0,,,14.0,0.0,1
2026-06-28 12:00:00,0,1,,Local Event,38.0,0.0,1
2026-06-28 13:00:00,0,0,,,30.8,0.0,1
2026-06-28 14:00:00,0,0,,,23.1,0.0,1
2026-06-28 15:00:00,0,1,,Local Event,24.7,0.0,1
2026-06-28 16:00:00,0,0,,,17.3,0.0,1
2026-06-28 17:00:00,0,0,,,23.9,0.0,1
2026-06-28 18:00:00,0,0,,,24.3,0.0,1
2026-06-28 19:00:00,0,0,,,31.0,0.0,1
2026-06-28 20:00:00,0,0,,,17.4,0.0,1
2026-06-28 21:00:00,0,1,,Local Event,18.8,0.0,1
2026-06-28 22:00:00,0,0,,,17.5,0.0,1
2026-06-29 11:00:00,0,0,,,28.8,0.0,0
2026-06-29 12:00:00,0,0,,,26.9,0.0,0
2026-06-29 13:00:00,0,0,,,29.1,0.0,0
2026-06-29 14:00:00,0,0,,,29.4,0.0,0
2026-06-29 15:00:00,0,0,,,29.2,0.0,0
2026-06-29 16:00:00,0,0,,,42.5,0.0,0
2026-06-29 17:00:00,0,0,,,18.8,0.0,0
2026-06-29 18:00:00,0,0,,,29.8,0.0,0
2026-06-29 19:00:00,0,0,,,23.2,0.0,0
2026-06-29 20:00:00,0,0,,,16.6,0.0,0
2026-06-29 21:00:00,0,0,,,20.1,0.0,0
2026-06-29 22:00:00,0,1,,Local Event,27.0,0.0,0
