timestamp,covers,gross_sales,num_orders,avg_ticket_size,reservations,walk_ins,promotion_flag
2026-01-01 11:00:00,15,328.35,13,21.89,6,9,0
2026-01-01 12:00:00,10,126.4,9,12.64,3,7,0
2026-01-01 13:00:00,21,446.04,18,21.24,12,9,0
2026-01-01 14:00:00,30,680.7,27,22.69,16,14,0
2026-01-01 15:00:00,7,155.96,6,22.28,3,4,0
2026-01-01 16:00:00,7,130.41,6,18.63,3,4,0
2026-01-01 17:00:00,10,195.9,9,19.59,3,7,0
2026-01-01 18:00:00,14,393.54,12,28.11,7,7,0
2026-01-01 19:00:00,38,1007.76,34,26.52,16,22,0
2026-01-01 20:00:00,12,298.08,10,24.84,3,9,0
2026-01-01 21:00:00,31,728.81,27,23.51,10,21,1
2026-01-01 22:00:00,15,344.4,13,22.96,4,11,0
2026-01-02 11:00:00,17,409.02,15,24.06,5,12,0
2026-01-02 12:00:00,47,987.94,42,21.02,19,28,1
2026-01-02 13:00:00,34,826.54,30,24.31,12,22,0
2026-01-02 14:00:00,35,726.6,31,20.76,16,19,0
2026-01-02 15:00:00,25,471.5,22,18.86,14,11,0
2026-01-02 16:00:00,21,459.9,18,21.9,8,13,0
2026-01-02 17:00:00,24,540.48,21,22.52,10,14,0
2026-01-02 18:00:00,24,438.0,21,18.25,12,12,0
2026-01-02 19:00:00,42,1063.86,37,25.33,14,28,0
2026-01-02 20:00:00,36,741.24,32,20.59,13,23,0
2026-01-02 21:00:00,39,954.72,35,24.48,14,25,0
2026-01-02 22:00:00,31,736.25,27,23.75,10,21,0
2026-01-03 11:00:00,23,543.49,20,23.63,12,11,0
2026-01-03 12:00:00,25,520.25,22,20.81,11,14,0
2026-01-03 13:00:00,43,788.19,38,18.33,21,22,0
2026-01-03 14:00:00,26,548.86,23,21.11,9,17,0
2026-01-03 15:00:00,23,566.26,20,24.62,12,11,0
2026-01-03 16:00:00,36,790.56,32,21.96,19,17,1
2026-01-03 17:00:00,17,374.51,15,22.03,7,10,0
2026-01-03 18:00:00,21,507.78,18,24.18,12,9,0
2026-01-03 19:00:00,35,519.4,31,14.84,16,19,0
2026-01-03 20:00:00,41,466.58,36,11.38,14,27,0
2026-01-03 21:00:00,29,648.73,26,22.37,15,14,0
2026-01-03 22:00:00,24,564.72,21,23.53,8,16,0
2026-01-04 11:00:00,22,435.38,19,19.79,9,13,0
2026-01-04 12:00:00,33,866.91,29,26.27,11,22,0
2026-01-04 13:00:00,29,640.61,26,22.09,14,15,0
2026-01-04 14:00:00,36,807.12,32,22.42,20,16,0
2026-01-04 15:00:00,42,876.54,37,20.87,16,26,0
2026-01-04 16:00:00,24,526.08,21,21.92,10,14,0
2026-01-04 17:00:00,24,567.6,21,23.65,10,14,1
2026-01-04 18:00:00,24,589.2,21,24.55,10,14,0
2026-01-04 19:00:00,25,570.0,22,22.8,7,18,0
2026-01-04 20:00:00,34,762.62,30,22.43,18,16,0
2026-01-04 21:00:00,33,763.95,29,23.15,18,15,0
2026-01-04 22:00:00,21,466.62,18,22.22,6,15,0
2026-01-05 11:00:00,21,438.69,18,20.89,7,14,0
2026-01-05 12:00:00,18,266.04,16,14.78,7,11,0
2026-01-05 13:00:00,20,460.0,18,23.0,6,14,0
2026-01-05 14:00:00,18,434.7,16,24.15,5,13,0
2026-01-05 15:00:00,16,445.6,14,27.85,5,11,0
2026-01-05 16:00:00,5,117.85,4,23.57,2,3,0
2026-01-05 17:00:00,10,218.3,9,21.83,5,5,0
2026-01-05 18:00:00,5,109.6,4,21.92,2,3,0
2026-01-05 19:00:00,8,170.96,7,21.37,3,5,0
2026-01-05 20:00:00,11,225.06,9,20.46,6,5,0
2026-01-05 21:00:00,34,678.98,30,19.97,10,24,1
2026-01-05 22:00:00,5,113.85,4,22.77,2,3,0
2026-01-06 11:00:00,16,446.72,14,27.92,9,7,1
2026-01-06 12:00:00,12,366.0,10,30.5,6,6,0
2026-01-06 13:00:00,27,544.05,24,20.15,14,13,1
2026-01-06 14:00:00,12,277.08,10,23.09,6,6,0
2026-01-06 15:00:00,5,114.1,4,22.82,1,4,0
2026-01-06 16:00:00,24,436.32,21,18.18,11,13,1
2026-01-06 17:00:00,15,291.45,13,19.43,6,9,0
2026-01-06 18:00:00,8,135.2,7,16.9,3,5,0
2026-01-06 19:00:00,19,443.27,17,23.33,5,14,0
2026-01-06 20:00:00,13,292.63,11,22.51,6,7,0
2026-01-06 21:00:00,21,505.89,18,24.09,9,12,0
2026-01-06 22:00:00,9,230.22,8,25.58,3,6,0
2026-01-07 11:00:00,5,114.95,4,22.99,2,3,0
2026-01-07 12:00:00,16,364.48,14,22.78,7,9,0
2026-01-07 13:00:00,20,390.8,18,19.54,8,12,0
2026-01-07 14:00:00,19,369.93,17,19.47,6,13,0
2026-01-07 15:00:00,19,452.2,17,23.8,7,12,0
2026-01-07 16:00:00,29,555.64,26,19.16,8,21,1
2026-01-07 17:00:00,5,114.35,4,22.87,1,4,0
2026-01-07 18:00:00,11,264.0,9,24.0,4,7,0
2026-01-07 19:00:00,33,901.23,29,27.31,13,20,1
2026-01-07 20:00:00,23,429.64,20,18.68,13,10,0
2026-01-07 21:00:00,12,331.2,10,27.6,5,7,0
2026-01-07 22:00:00,9,233.37,8,25.93,4,5,0
2026-01-08 11:00:00,25,597.0,22,23.88,12,13,0
2026-01-08 12:00:00,15,219.15,13,14.61,6,9,0
2026-01-08 13:00:00,45,819.9,40,18.22,22,23,0
2026-01-08 14:00:00,13,278.98,11,21.46,4,9,0
2026-01-08 15:00:00,19,430.35,17,22.65,6,13,1
2026-01-08 16:00:00,11,212.41,9,19.31,3,8,0
2026-01-08 17:00:00,5,128.4,4,25.68,2,3,0
2026-01-08 18:00:00,13,236.6,11,18.2,4,9,0
2026-01-08 19:00:00,11,227.26,9,20.66,5,6,0
2026-01-08 20:00:00,13,267.15,11,20.55,4,9,0
2026-01-08 21:00:00,23,490.13,20,21.31,9,14,0
2026-01-08 22:00:00,15,312.9,13,20.86,7,8,0
2026-01-09 11:00:00,30,612.0,27,20.4,9,21,0
2026-01-09 12:00:00,20,458.8,18,22.94,8,12,0
2026-01-09 13:00:00,25,499.5,22,19.98,8,17,0
2026-01-09 14:00:00,22,477.62,19,21.71,11,11,0
2026-01-09 15:00:00,25,585.25,22,23.41,13,12,0
2026-01-09 16:00:00,16,302.08,14,18.88,7,9,0
2026-01-09 17:00:00,23,539.58,20,23.46,11,12,0
2026-01-09 18:00:00,45,846.45,40,18.81,26,19,0
2026-01-09 19:00:00,39,668.85,35,17.15,22,17,0
2026-01-09 20:00:00,36,695.16,32,19.31,19,17,0
2026-01-09 21:00:00,38,758.86,34,19.97,12,26,0
2026-01-09 22:00:00,39,890.76,35,22.84,20,19,0
2026-01-10 11:00:00,31,848.78,27,27.38,14,17,0
2026-01-10 12:00:00,33,705.87,29,21.39,11,22,0
2026-01-10 13:00:00,41,902.0,36,22.0,20,21,0
2026-01-10 14:00:00,49,825.65,44,16.85,20,29,0
2026-01-10 15:00:00,25,501.5,22,20.06,14,11,0
2026-01-10 16:00:00,28,571.76,25,20.42,14,14,0
2026-01-10 17:00:00,33,629.31,29,19.07,14,19,0
2026-01-10 18:00:00,18,384.3,16,21.35,8,10,0
2026-01-10 19:00:00,38,926.82,34,24.39,18,20,0
2026-01-10 20:00:00,35,960.05,31,27.43,19,16,0
2026-01-10 21:00:00,34,709.58,30,20.87,15,19,0
2026-01-10 22:00:00,26,478.4,23,18.4,13,13,0
2026-01-11 11:00:00,30,769.2,27,25.64,12,18,0
2026-01-11 12:00:00,65,1227.85,58,18.89,32,33,1
2026-01-11 13:00:00,33,898.92,29,27.24,10,23,0
2026-01-11 14:00:00,37,897.62,33,24.26,21,16,0
2026-01-11 15:00:00,29,531.57,26,18.33,10,19,0
2026-01-11 16:00:00,23,550.16,20,23.92,11,12,0
2026-01-11 17:00:00,17,432.31,15,25.43,6,11,0
2026-01-11 18:00:00,17,344.42,15,20.26,7,10,0
2026-01-11 19:00:00,40,857.2,36,21.43,18,22,0
2026-01-11 20:00:00,35,975.45,31,27.87,17,18,0
2026-01-11 21:00:00,39,842.4,35,21.6,20,19,0
2026-01-11 22:00:00,16,398.4,14,24.9,9,7,0
2026-01-12 11:00:00,9,190.17,8,21.13,4,5,0
2026-01-12 12:00:00,27,560.52,24,20.76,10,17,1
2026-01-12 13:00:00,16,327.36,14,20.46,8,8,0
2026-01-12 14:00:00,16,302.88,14,18.93,7,9,0
2026-01-12 15:00:00,22,532.18,19,24.19,11,11,1
2026-01-12 16:00:00,8,225.28,7,28.16,3,5,0
2026-01-12 17:00:00,26,616.2,23,23.7,11,15,1
2026-01-12 18:00:00,11,197.67,9,17.97,5,6,0
2026-01-12 19:00:00,25,498.0,22,19.92,11,14,0
2026-01-12 20:00:00,28,850.08,25,30.36,13,15,0
2026-01-12 21:00:00,31,738.11,27,23.81,13,18,0
2026-01-12 22:00:00,21,514.08,18,24.48,8,13,1
2026-01-13 11:00:00,8,188.8,7,23.6,3,5,0
2026-01-13 12:00:00,15,408.15,13,27.21,7,8,0
2026-01-13 13:00:00,23,594.32,20,25.84,9,14,0
2026-01-13 14:00:00,30,617.1,27,20.57,15,15,1
2026-01-13 15:00:00,5,100.15,4,20.03,2,3,0
2026-01-13 16:00:00,19,462.08,17,24.32,11,8,1
2026-01-13 17:00:00,11,250.14,9,22.74,3,8,0
2026-01-13 18:00:00,23,497.49,20,21.63,10,13,1
2026-01-13 19:00:00,23,521.64,20,22.68,8,15,0
2026-01-13 20:00:00,40,792.4,36,19.81,13,27,0
2026-01-13 21:00:00,15,245.7,13,16.38,7,8,0
2026-01-13 22:00:00,5,125.95,4,25.19,2,3,0
2026-01-14 11:00:00,6,138.96,5,23.16,2,4,0
2026-01-14 12:00:00,15,369.75,13,24.65,8,7,0
2026-01-14 13:00:00,22,402.6,19,18.3,7,15,0
2026-01-14 14:00:00,24,619.44,21,25.81,11,13,0
2026-01-14 15:00:00,5,106.2,4,21.24,2,3,0
2026-01-14 16:00:00,5,122.5,4,24.5,1,4,0
2026-01-14 17:00:00,10,220.7,9,22.07,4,6,0
2026-01-14 18:00:00,5,107.8,4,21.56,2,3,0
2026-01-14 19:00:00,36,1030.68,32,28.63,13,23,1
2026-01-14 20:00:00,26,639.6,23,24.6,7,19,0
2026-01-14 21:00:00,17,342.55,15,20.15,6,11,0
2026-01-14 22:00:00,36,754.92,32,20.97,11,25,1
2026-01-15 11:00:00,7,167.44,6,23.92,2,5,0
2026-01-15 12:00:00,12,250.44,10,20.87,5,7,0
2026-01-15 13:00:00,10,246.7,9,24.67,4,6,0
2026-01-15 14:00:00,18,488.34,16,27.13,10,8,0
2026-01-15 15:00:00,13,210.99,11,16.23,4,9,0
2026-01-15 16:00:00,5,104.05,4,20.81,2,3,0
2026-01-15 17:00:00,21,402.78,18,19.18,10,11,0
2026-01-15 18:00:00,10,251.6,9,25.16,4,6,0
2026-01-15 19:00:00,36,776.52,32,21.57,17,19,1
2026-01-15 20:00:00,14,307.3,12,21.95,4,10,0
2026-01-15 21:00:00,44,1056.44,39,24.01,17,27,0
2026-01-15 22:00:00,5,86.25,4,17.25,1,4,0
2026-01-16 11:00:00,17,426.19,15,25.07,10,7,0
2026-01-16 12:00:00,28,500.92,25,17.89,8,20,0
2026-01-16 13:00:00,35,872.2,31,24.92,16,19,0
2026-01-16 14:00:00,42,771.12,37,18.36,13,29,0
2026-01-16 15:00:00,45,738.9,40,16.42,25,20,1
2026-01-16 16:00:00,22,520.96,19,23.68,9,13,0
2026-01-16 17:00:00,19,400.33,17,21.07,8,11,0
2026-01-16 18:00:00,22,293.7,19,13.35,12,10,0
2026-01-16 19:00:00,26,566.8,23,21.8,14,12,0
2026-01-16 20:00:00,31,600.47,27,19.37,16,15,0
2026-01-16 21:00:00,42,1085.7,37,25.85,18,24,1
2026-01-16 22:00:00,30,446.7,27,14.89,9,21,0
2026-01-17 11:00:00,38,708.32,34,18.64,12,26,1
2026-01-17 12:00:00,43,808.83,38,18.81,22,21,0
2026-01-17 13:00:00,38,785.08,34,20.66,21,17,0
2026-01-17 14:00:00,36,748.44,32,20.79,19,17,0
2026-01-17 15:00:00,18,350.64,16,19.48,6,12,0
2026-01-17 16:00:00,15,379.2,13,25.28,6,9,0
2026-01-17 17:00:00,28,638.4,25,22.8,9,19,0
2026-01-17 18:00:00,26,494.78,23,19.03,13,13,0
2026-01-17 19:00:00,35,702.8,31,20.08,11,24,0
2026-01-17 20:00:00,45,1038.15,40,23.07,24,21,0
2026-01-17 21:00:00,31,646.04,27,20.84,13,18,0
2026-01-17 22:00:00,22,453.86,19,20.63,12,10,0
2026-01-18 11:00:00,19,441.94,17,23.26,10,9,0
2026-01-18 12:00:00,39,963.3,35,24.7,19,20,0
2026-01-18 13:00:00,38,719.72,34,18.94,13,25,0
2026-01-18 14:00:00,38,912.0,34,24.0,16,22,0
2026-01-18 15:00:00,27,673.92,24,24.96,9,18,0
2026-01-18 16:00:00,21,439.95,18,20.95,8,13,0
2026-01-18 17:00:00,29,629.59,26,21.71,9,20,0
2026-01-18 18:00:00,21,480.06,18,22.86,12,9,0
2026-01-18 19:00:00,41,817.13,36,19.93,15,26,0
2026-01-18 20:00:00,45,883.8,40,19.64,16,29,0
2026-01-18 21:00:00,34,905.76,30,26.64,16,18,0
2026-01-18 22:00:00,24,598.32,21,24.93,13,11,0
2026-01-19 11:00:00,5,102.9,4,20.58,2,3,0
2026-01-19 12:00:00,20,347.2,18,17.36,10,10,0
2026-01-19 13:00:00,13,313.95,11,24.15,4,9,0
2026-01-19 14:00:00,18,369.54,16,20.53,10,8,0
2026-01-19 15:00:00,7,191.94,6,27.42,2,5,0
2026-01-19 16:00:00,14,334.18,12,23.87,5,9,0
2026-01-19 17:00:00,9,155.25,8,17.25,4,5,0
2026-01-19 18:00:00,9,188.73,8,20.97,3,6,0
2026-01-19 19:00:00,11,304.7,9,27.7,4,7,0
2026-01-19 20:00:00,24,564.48,21,23.52,8,16,0
2026-01-19 21:00:00,10,255.5,9,25.55,4,6,0
2026-01-19 22:00:00,8,164.96,7,20.62,2,6,0
2026-01-20 11:00:00,11,246.62,9,22.42,5,6,0
2026-01-20 12:00:00,40,713.6,36,17.84,23,17,1
2026-01-20 13:00:00,18,323.82,16,17.99,8,10,0
2026-01-20 14:00:00,13,303.16,11,23.32,5,8,0
2026-01-20 15:00:00,9,240.3,8,26.7,3,6,0
2026-01-20 16:00:00,5,135.9,4,27.18,1,4,0
2026-01-20 17:00:00,6,122.58,5,20.43,2,4,0
2026-01-20 18:00:00,5,114.45,4,22.89,2,3,0
2026-01-20 19:00:00,23,457.24,20,19.88,11,12,0
2026-01-20 20:00:00,27,510.3,24,18.9,8,19,0
2026-01-20 21:00:00,20,472.0,18,23.6,7,13,0
2026-01-20 22:00:00,14,364.98,12,26.07,5,9,0
2026-01-21 11:00:00,8,189.12,7,23.64,3,5,0
2026-01-21 12:00:00,22,427.24,19,19.42,9,13,0
2026-01-21 13:00:00,18,341.1,16,18.95,7,11,0
2026-01-21 14:00:00,17,366.35,15,21.55,8,9,0
2026-01-21 15:00:00,12,246.0,10,20.5,6,6,0
2026-01-21 16:00:00,14,249.34,12,17.81,5,9,0
2026-01-21 17:00:00,7,141.47,6,20.21,4,3,0
2026-01-21 18:00:00,14,294.28,12,21.02,5,9,0
2026-01-21 19:00:00,17,310.42,15,18.26,6,11,0
2026-01-21 20:00:00,23,389.85,20,16.95,7,16,0
2026-01-21 21:00:00,23,496.34,20,21.58,9,14,0
2026-01-21 22:00:00,7,146.23,6,20.89,2,5,0
2026-01-22 11:00:00,8,167.76,7,20.97,4,4,0
2026-01-22 12:00:00,19,474.62,17,24.98,8,11,1
2026-01-22 13:00:00,14,264.6,12,18.9,7,7,0
2026-01-22 14:00:00,18,436.68,16,24.26,8,10,0
2026-01-22 15:00:00,11,209.11,9,19.01,5,6,0
2026-01-22 16:00:00,17,362.44,15,21.32,8,9,0
2026-01-22 17:00:00,29,675.41,26,23.29,15,14,1
2026-01-22 18:00:00,12,235.92,10,19.66,6,6,0
2026-01-22 19:00:00,21,404.04,18,19.24,10,11,1
2026-01-22 20:00:00,23,518.19,20,22.53,12,11,0
2026-01-22 21:00:00,13,355.68,11,27.36,7,6,0
2026-01-22 22:00:00,10,226.3,9,22.63,5,5,0
2026-01-23 11:00:00,37,736.67,33,19.91,11,26,1
2026-01-23 12:00:00,41,707.66,36,17.26,20,21,0
2026-01-23 13:00:00,37,1095.94,33,29.62,19,18,0
2026-01-23 14:00:00,25,444.0,22,17.76,7,18,0
2026-01-23 15:00:00,29,486.62,26,16.78,16,13,0
2026-01-23 16:00:00,27,594.81,24,22.03,13,14,0
2026-01-23 17:00:00,37,740.74,33,20.02,20,17,1
2026-01-23 18:00:00,43,954.6,38,22.2,23,20,0
2026-01-23 19:00:00,39,739.44,35,18.96,14,25,0
2026-01-23 20:00:00,42,861.84,37,20.52,16,26,1
2026-01-23 21:00:00,18,460.62,16,25.59,6,12,0
2026-01-23 22:00:00,27,720.9,24,26.7,10,17,1
2026-01-24 11:00:00,28,651.84,25,23.28,12,16,0
2026-01-24 12:00:00,30,718.8,27,23.96,12,18,0
2026-01-24 13:00:00,44,983.84,39,22.36,25,19,1
2026-01-24 14:00:00,63,1340.64,56,21.28,30,33,0
2026-01-24 15:00:00,32,671.36,28,20.98,14,18,0
2026-01-24 16:00:00,10,187.3,9,18.73,5,5,0
2026-01-24 17:00:00,18,407.88,16,22.66,7,11,0
2026-01-24 18:00:00,28,665.84,25,23.78,8,20,0
2026-01-24 19:00:00,40,935.6,36,23.39,12,28,0
2026-01-24 20:00:00,28,634.48,25,22.66,11,17,0
2026-01-24 21:00:00,31,686.03,27,22.13,10,21,0
2026-01-24 22:00:00,23,471.27,20,20.49,10,13,0
2026-01-25 11:00:00,43,1145.09,38,26.63,23,20,0
2026-01-25 12:00:00,24,438.48,21,18.27,12,12,0
2026-01-25 13:00:00,29,604.36,26,20.84,10,19,0
2026-01-25 14:00:00,37,516.89,33,13.97,12,25,0
2026-01-25 15:00:00,22,527.12,19,23.96,9,13,0
2026-01-25 16:00:00,29,490.1,26,16.9,9,20,0
2026-01-25 17:00:00,29,697.74,26,24.06,14,15,0
2026-01-25 18:00:00,30,645.9,27,21.53,17,13,0
2026-01-25 19:00:00,35,844.2,31,24.12,16,19,0
2026-01-25 20:00:00,35,599.55,31,17.13,14,21,0
2026-01-25 21:00:00,29,625.53,26,21.57,9,20,0
2026-01-25 22:00:00,32,743.36,28,23.23,11,21,0
2026-01-26 11:00:00,5,98.8,4,19.76,1,4,0
2026-01-26 12:00:00,16,335.2,14,20.95,9,7,0
2026-01-26 13:00:00,18,377.64,16,20.98,8,10,0
2026-01-26 14:00:00,28,481.88,25,17.21,8,20,1
2026-01-26 15:00:00,5,101.15,4,20.23,1,4,0
2026-01-26 16:00:00,5,105.15,4,21.03,2,3,0
2026-01-26 17:00:00,13,328.25,11,25.25,4,9,0
2026-01-26 18:00:00,33,717.42,29,21.74,11,22,0
2026-01-26 19:00:00,22,476.08,19,21.64,8,14,0
2026-01-26 20:00:00,18,422.1,16,23.45,9,9,0
2026-01-26 21:00:00,17,292.91,15,17.23,7,10,0
2026-01-26 22:00:00,7,117.67,6,16.81,2,5,0
2026-01-27 11:00:00,7,159.18,6,22.74,3,4,0
2026-01-27 12:00:00,20,435.0,18,21.75,11,9,0
2026-01-27 13:00:00,18,405.36,16,22.52,8,10,0
2026-01-27 14:00:00,22,451.66,19,20.53,7,15,0
2026-01-27 15:00:00,23,520.49,20,22.63,9,14,0
2026-01-27 16:00:00,24,458.4,21,19.1,14,10,0
2026-01-27 17:00:00,13,293.02,11,22.54,5,8,0
2026-01-27 18:00:00,9,223.29,8,24.81,4,5,0
2026-01-27 19:00:00,19,463.6,17,24.4,10,9,0
2026-01-27 20:00:00,14,297.22,12,21.23,5,9,0
2026-01-27 21:00:00,19,395.58,17,20.82,10,9,0
2026-01-27 22:00:00,13,295.36,11,22.72,3,10,0
2026-01-28 11:00:00,11,290.18,9,26.38,4,7,0
2026-01-28 12:00:00,39,975.0,35,25.0,21,18,0
2026-01-28 13:00:00,25,594.5,22,23.78,12,13,0
2026-01-28 14:00:00,27,599.13,24,22.19,11,16,0
2026-01-28 15:00:00,11,218.79,9,19.89,4,7,0
2026-01-28 16:00:00,7,158.06,6,22.58,3,4,0
2026-01-28 17:00:00,8,185.12,7,23.14,4,4,0
2026-01-28 18:00:00,9,225.99,8,25.11,4,5,0
2026-01-28 19:00:00,19,470.44,17,24.76,7,12,0
2026-01-28 20:00:00,12,235.32,10,19.61,4,8,0
2026-01-28 21:00:00,21,430.71,18,20.51,7,14,0
2026-01-28 22:00:00,9,193.23,8,21.47,4,5,0
2026-01-29 11:00:00,9,157.32,8,17.48,3,6,0
2026-01-29 12:00:00,20,536.0,18,26.8,10,10,0
2026-01-29 13:00:00,19,417.43,17,21.97,10,9,0
2026-01-29 14:00:00,28,823.76,25,29.42,11,17,0
2026-01-29 15:00:00,5,137.15,4,27.43,2,3,0
2026-01-29 16:00:00,9,165.87,8,18.43,3,6,0
2026-01-29 17:00:00,13,235.3,11,18.1,7,6,0
2026-01-29 18:00:00,8,167.12,7,20.89,4,4,0
2026-01-29 19:00:00,20,359.8,18,17.99,11,9,0
2026-01-29 20:00:00,22,531.08,19,24.14,12,10,1
2026-01-29 21:00:00,25,640.0,22,25.6,9,16,0
2026-01-29 22:00:00,11,219.01,9,19.91,5,6,1
2026-01-30 11:00:00,36,694.08,32,19.28,17,19,0
2026-01-30 12:00:00,26,529.36,23,20.36,9,17,0
2026-01-30 13:00:00,24,401.28,21,16.72,7,17,0
2026-01-30 14:00:00,31,627.44,27,20.24,13,18,0
2026-01-30 15:00:00,15,383.4,13,25.56,6,9,0
2026-01-30 16:00:00,22,457.38,19,20.79,12,10,0
2026-01-30 17:00:00,22,478.28,19,21.74,9,13,0
2026-01-30 18:00:00,33,775.83,29,23.51,11,22,0
2026-01-30 19:00:00,32,595.84,28,18.62,11,21,0
2026-01-30 20:00:00,40,829.2,36,20.73,20,20,1
2026-01-30 21:00:00,32,748.16,28,23.38,15,17,0
2026-01-30 22:00:00,16,390.4,14,24.4,5,11,0
2026-01-31 11:00:00,23,416.3,20,18.1,11,12,0
2026-01-31 12:00:00,32,674.56,28,21.08,15,17,0
2026-01-31 13:00:00,51,1498.38,45,29.38,24,27,0
2026-01-31 14:00:00,32,795.52,28,24.86,11,21,0
2026-01-31 15:00:00,33,728.97,29,22.09,14,19,0
2026-01-31 16:00:00,39,930.54,35,23.86,15,24,1
2026-01-31 17:00:00,29,622.34,26,21.46,16,13,0
2026-01-31 18:00:00,28,645.4,25,23.05,12,16,0
2026-01-31 19:00:00,31,748.03,27,24.13,12,19,0
2026-01-31 20:00:00,29,773.43,26,26.67,10,19,0
2026-01-31 21:00:00,30,610.2,27,20.34,15,15,0
2026-01-31 22:00:00,14,270.9,12,19.35,8,6,0
2026-02-01 11:00:00,33,879.12,29,26.64,14,19,0
2026-02-01 12:00:00,55,1098.9,49,19.98,24,31,0
2026-02-01 13:00:00,36,701.28,32,19.48,12,24,0
2026-02-01 14:00:00,30,708.6,27,23.62,11,19,0
2026-02-01 15:00:00,23,505.54,20,21.98,11,12,0
2026-02-01 16:00:00,27,642.33,24,23.79,9,18,0
2026-02-01 17:00:00,22,437.14,19,19.87,8,14,0
2026-02-01 18:00:00,27,584.55,24,21.65,9,18,0
2026-02-01 19:00:00,38,753.54,34,19.83,15,23,0
2026-02-01 20:00:00,32,781.44,28,24.42,15,17,0
2026-02-01 21:00:00,32,382.72,28,11.96,16,16,0
2026-02-01 22:00:00,38,870.58,34,22.91,12,26,1
2026-02-02 11:00:00,7,189.98,6,27.14,2,5,0
2026-02-02 12:00:00,14,308.84,12,22.06,6,8,0
2026-02-02 13:00:00,19,321.29,17,16.91,11,8,0
2026-02-02 14:00:00,18,458.1,16,25.45,9,9,0
2026-02-02 15:00:00,38,799.9,34,21.05,15,23,1
2026-02-02 16:00:00,16,290.4,14,18.15,8,8,0
2026-02-02 17:00:00,15,246.0,13,16.4,6,9,0
2026-02-02 18:00:00,25,450.25,22,18.01,9,16,1
2026-02-02 19:00:00,15,273.75,13,18.25,6,9,0
2026-02-02 20:00:00,23,507.15,20,22.05,7,16,0
2026-02-02 21:00:00,23,516.58,20,22.46,7,16,0
2026-02-02 22:00:00,7,166.39,6,23.77,3,4,0
2026-02-03 11:00:00,21,469.77,18,22.37,10,11,1
2026-02-03 12:00:00,17,372.47,15,21.91,8,9,0
2026-02-03 13:00:00,18,375.3,16,20.85,5,13,0
2026-02-03 14:00:00,20,582.2,18,29.11,10,10,0
2026-02-03 15:00:00,6,162.78,5,27.13,2,4,0
2026-02-03 16:00:00,10,213.0,9,21.3,3,7,0
2026-02-03 17:00:00,5,87.7,4,17.54,1,4,0
2026-02-03 18:00:00,7,152.74,6,21.82,2,5,0
2026-02-03 19:00:00,25,620.5,22,24.82,12,13,0
2026-02-03 20:00:00,38,779.0,34,20.5,20,18,0
2026-02-03 21:00:00,18,395.82,16,21.99,6,12,0
2026-02-03 22:00:00,6,134.52,5,22.42,3,3,0
2026-02-04 11:00:00,27,600.21,24,22.23,14,13,0
2026-02-04 12:00:00,27,702.54,24,26.02,13,14,0
2026-02-04 13:00:00,22,505.56,19,22.98,8,14,0
2026-02-04 14:00:00,41,566.62,36,13.82,22,19,1
2026-02-04 15:00:00,14,415.8,12,29.7,4,10,0
2026-02-04 16:00:00,8,183.6,7,22.95,3,5,0
2026-02-04 17:00:00,9,204.84,8,22.76,3,6,0
2026-02-04 18:00:00,15,402.15,13,26.81,7,8,0
2026-02-04 19:00:00,28,688.52,25,24.59,11,17,1
2026-02-04 20:00:00,25,527.25,22,21.09,14,11,0
2026-02-04 21:00:00,21,490.77,18,23.37,12,9,0
2026-02-04 22:00:00,5,118.35,4,23.67,2,3,0
2026-02-05 11:00:00,10,243.1,9,24.31,3,7,1
2026-02-05 12:00:00,19,478.23,17,25.17,10,9,0
2026-02-05 13:00:00,6,151.74,5,25.29,1,5,0
2026-02-05 14:00:00,24,652.56,21,27.19,12,12,0
2026-02-05 15:00:00,5,120.0,4,24.0,1,4,0
2026-02-05 16:00:00,5,119.2,4,23.84,2,3,0
2026-02-05 17:00:00,15,295.2,13,19.68,7,8,0
2026-02-05 18:00:00,8,176.72,7,22.09,4,4,0
2026-02-05 19:00:00,12,283.2,10,23.6,4,8,0
2026-02-05 20:00:00,10,213.5,9,21.35,4,6,0
2026-02-05 21:00:00,28,632.8,25,22.6,12,16,0
2026-02-05 22:00:00,5,94.6,4,18.92,2,3,0
2026-02-06 11:00:00,16,381.76,14,23.86,6,10,0
2026-02-06 12:00:00,38,936.32,34,24.64,21,17,1
2026-02-06 13:00:00,35,567.35,31,16.21,14,21,0
2026-02-06 14:00:00,23,442.75,20,19.25,11,12,0
2026-02-06 15:00:00,24,617.76,21,25.74,12,12,0
2026-02-06 16:00:00,27,650.43,24,24.09,9,18,0
2026-02-06 17:00:00,23,391.92,20,17.04,7,16,0
2026-02-06 18:00:00,27,601.29,24,22.27,12,15,0
2026-02-06 19:00:00,32,709.44,28,22.17,12,20,0
2026-02-06 20:00:00,31,617.52,27,19.92,11,20,0
2026-02-06 21:00:00,49,1155.42,44,23.58,20,29,0
2026-02-06 22:00:00,14,297.92,12,21.28,6,8,0
2026-02-07 11:00:00,32,850.88,28,26.59,14,18,1
2026-02-07 12:00:00,39,939.9,35,24.1,20,19,0
2026-02-07 13:00:00,31,579.7,27,18.7,13,18,0
2026-02-07 14:00:00,31,789.88,27,25.48,10,21,0
2026-02-07 15:00:00,39,1090.83,35,27.97,12,27,0
2026-02-07 16:00:00,25,692.25,22,27.69,14,11,0
2026-02-07 17:00:00,30,489.9,27,16.33,16,14,0
2026-02-07 18:00:00,21,488.04,18,23.24,8,13,0
2026-02-07 19:00:00,32,765.12,28,23.91,16,16,0
2026-02-07 20:00:00,47,1279.34,42,27.22,20,27,0
2026-02-07 21:00:00,47,953.16,42,20.28,28,19,0
2026-02-07 22:00:00,35,725.2,31,20.72,19,16,0
2026-02-08 11:00:00,24,563.52,21,23.48,11,13,0
2026-02-08 12:00:00,35,945.7,31,27.02,13,22,0
2026-02-08 13:00:00,44,1052.92,39,23.93,17,27,0
2026-02-08 14:00:00,28,758.8,25,27.1,10,18,0
2026-02-08 15:00:00,33,734.58,29,22.26,13,20,0
2026-02-08 16:00:00,16,272.32,14,17.02,7,9,0
2026-02-08 17:00:00,19,417.43,17,21.97,8,11,0
2026-02-08 18:00:00,33,832.92,29,25.24,13,20,0
2026-02-08 19:00:00,41,981.54,36,23.94,16,25,0
2026-02-08 20:00:00,36,822.96,32,22.86,12,24,0
2026-02-08 21:00:00,30,576.0,27,19.2,16,14,0
2026-02-08 22:00:00,31,649.14,27,20.94,11,20,1
2026-02-09 11:00:00,11,287.43,9,26.13,3,8,0
2026-02-09 12:00:00,12,255.96,10,21.33,6,6,0
2026-02-09 13:00:00,24,595.44,21,24.81,7,17,0
2026-02-09 14:00:00,22,510.4,19,23.2,7,15,0
2026-02-09 15:00:00,10,226.5,9,22.65,4,6,0
2026-02-09 16:00:00,20,367.4,18,18.37,8,12,0
2026-02-09 17:00:00,10,195.6,9,19.56,5,5,0
2026-02-09 18:00:00,14,315.14,12,22.51,8,6,0
2026-02-09 19:00:00,28,610.4,25,21.8,11,17,1
2026-02-09 20:00:00,24,702.72,21,29.28,9,15,0
2026-02-09 21:00:00,19,458.28,17,24.12,10,9,0
2026-02-09 22:00:00,9,244.26,8,27.14,3,6,0
2026-02-10 11:00:00,18,378.18,16,21.01,7,11,0
2026-02-10 12:00:00,29,555.64,26,19.16,14,15,1
2026-02-10 13:00:00,25,630.5,22,25.22,12,13,0
2026-02-10 14:00:00,19,467.21,17,24.59,8,11,0
2026-02-10 15:00:00,9,196.2,8,21.8,4,5,0
2026-02-10 16:00:00,15,296.55,13,19.77,5,10,0
2026-02-10 17:00:00,12,242.52,10,20.21,4,8,0
2026-02-10 18:00:00,19,422.18,17,22.22,9,10,0
2026-02-10 19:00:00,12,260.64,10,21.72,4,8,0
2026-02-10 20:00:00,14,261.1,12,18.65,6,8,0
2026-02-10 21:00:00,27,529.74,24,19.62,10,17,0
2026-02-10 22:00:00,7,154.77,6,22.11,2,5,0
2026-02-11 11:00:00,10,225.3,9,22.53,3,7,0
2026-02-11 12:00:00,23,607.43,20,26.41,12,11,0
2026-02-11 13:00:00,20,348.4,18,17.42,9,11,0
2026-02-11 14:00:00,23,512.21,20,22.27,13,10,0
2026-02-11 15:00:00,8,164.88,7,20.61,3,5,0
2026-02-11 16:00:00,18,397.8,16,22.1,6,12,0
2026-02-11 17:00:00,6,141.24,5,23.54,2,4,0
2026-02-11 18:00:00,16,306.24,14,19.14,6,10,0
2026-02-11 19:00:00,27,491.13,24,18.19,13,14,0
2026-02-11 20:00:00,21,518.28,18,24.68,9,12,0
2026-02-11 21:00:00,16,298.72,14,18.67,8,8,0
2026-02-11 22:00:00,8,212.56,7,26.57,4,4,0
2026-02-12 11:00:00,12,219.96,10,18.33,7,5,0
2026-02-12 12:00:00,29,599.43,26,20.67,13,16,0
2026-02-12 13:00:00,21,518.7,18,24.7,11,10,0
2026-02-12 14:00:00,24,503.28,21,20.97,8,16,0
2026-02-12 15:00:00,22,514.14,19,23.37,7,15,1
2026-02-12 16:00:00,11,306.9,9,27.9,6,5,0
2026-02-12 17:00:00,6,116.16,5,19.36,2,4,0
2026-02-12 18:00:00,12,285.48,10,23.79,5,7,0
2026-02-12 19:00:00,24,451.68,21,18.82,10,14,0
2026-02-12 20:00:00,23,387.55,20,16.85,9,14,0
2026-02-12 21:00:00,16,270.08,14,16.88,7,9,0
2026-02-12 22:00:00,6,157.8,5,26.3,1,5,0
2026-02-13 11:00:00,30,387.3,27,12.91,9,21,1
2026-02-13 12:00:00,37,617.9,33,16.7,14,23,0
2026-02-13 13:00:00,27,554.04,24,20.52,12,15,0
2026-02-13 14:00:00,28,618.52,25,22.09,14,14,0
2026-02-13 15:00:00,24,456.72,21,19.03,7,17,0
2026-02-13 16:00:00,26,438.1,23,16.85,11,15,0
2026-02-13 17:00:00,36,933.12,32,25.92,15,21,0
2026-02-13 18:00:00,21,521.43,18,24.83,11,10,0
2026-02-13 19:00:00,37,859.14,33,23.22,13,24,0
2026-02-13 20:00:00,29,546.07,26,18.83,11,18,0
2026-02-13 21:00:00,30,708.3,27,23.61,9,21,0
2026-02-13 22:00:00,22,330.44,19,15.02,6,16,0
2026-02-14 11:00:00,20,510.8,18,25.54,7,13,0
2026-02-14 12:00:00,27,623.16,24,23.08,9,18,0
2026-02-14 13:00:00,31,551.49,27,17.79,17,14,0
2026-02-14 14:00:00,41,765.47,36,18.67,12,29,0
2026-02-14 15:00:00,31,676.73,27,21.83,18,13,0
2026-02-14 16:00:00,25,617.0,22,24.68,10,15,0
2026-02-14 17:00:00,28,645.4,25,23.05,10,18,0
2026-02-14 18:00:00,23,549.01,20,23.87,7,16,0
2026-02-14 19:00:00,39,680.94,35,17.46,21,18,0
2026-02-14 20:00:00,35,530.95,31,15.17,10,25,0
2026-02-14 21:00:00,37,694.86,33,18.78,16,21,0
2026-02-14 22:00:00,27,586.71,24,21.73,9,18,0
2026-02-15 11:00:00,26,700.96,23,26.96,15,11,0
2026-02-15 12:00:00,30,653.1,27,21.77,14,16,0
2026-02-15 13:00:00,55,1008.7,49,18.34,25,30,0
2026-02-15 14:00:00,47,1242.68,42,26.44,16,31,1
2026-02-15 15:00:00,26,711.1,23,27.35,10,16,0
2026-02-15 16:00:00,28,628.88,25,22.46,14,14,0
2026-02-15 17:00:00,59,1280.3,53,21.7,19,40,1
2026-02-15 18:00:00,24,570.48,21,23.77,13,11,0
2026-02-15 19:00:00,45,869.4,40,19.32,23,22,0
2026-02-15 20:00:00,38,878.56,34,23.12,15,23,1
2026-02-15 21:00:00,24,500.4,21,20.85,7,17,0
2026-02-15 22:00:00,24,490.8,21,20.45,14,10,0
2026-02-16 11:00:00,14,363.3,12,25.95,7,7,0
2026-02-16 12:00:00,29,642.06,26,22.14,13,16,0
2026-02-16 13:00:00,21,432.6,18,20.6,9,12,0
2026-02-16 14:00:00,25,435.5,22,17.42,14,11,0
2026-02-16 15:00:00,8,204.64,7,25.58,2,6,0
2026-02-16 16:00:00,19,387.98,17,20.42,7,12,1
2026-02-16 17:00:00,6,115.86,5,19.31,2,4,0
2026-02-16 18:00:00,7,164.29,6,23.47,2,5,0
2026-02-16 19:00:00,20,528.2,18,26.41,6,14,0
2026-02-16 20:00:00,12,240.72,10,20.06,4,8,0
2026-02-16 21:00:00,13,257.27,11,19.79,5,8,0
2026-02-16 22:00:00,14,329.28,12,23.52,4,10,1
2026-02-17 11:00:00,13,307.97,11,23.69,5,8,0
2026-02-17 12:00:00,24,604.08,21,25.17,8,16,0
2026-02-17 13:00:00,22,537.24,19,24.42,12,10,0
2026-02-17 14:00:00,18,323.82,16,17.99,5,13,0
2026-02-17 15:00:00,6,157.8,5,26.3,2,4,0
2026-02-17 16:00:00,5,104.55,4,20.91,2,3,0
2026-02-17 17:00:00,5,124.4,4,24.88,1,4,0
2026-02-17 18:00:00,9,188.82,8,20.98,2,7,0
2026-02-17 19:00:00,9,198.36,8,22.04,3,6,0
2026-02-17 20:00:00,45,1080.45,40,24.01,20,25,0
2026-02-17 21:00:00,14,269.92,12,19.28,4,10,0
2026-02-17 22:00:00,10,173.8,9,17.38,4,6,0
2026-02-18 11:00:00,5,92.85,4,18.57,2,3,0
2026-02-18 12:00:00,15,290.1,13,19.34,4,11,0
2026-02-18 13:00:00,23,439.07,20,19.09,12,11,0
2026-02-18 14:00:00,35,932.05,31,26.63,12,23,0
2026-02-18 15:00:00,13,290.16,11,22.32,4,9,0
2026-02-18 16:00:00,10,158.0,9,15.8,3,7,0
2026-02-18 17:00:00,11,284.79,9,25.89,4,7,0
2026-02-18 18:00:00,5,87.35,4,17.47,2,3,0
2026-02-18 19:00:00,9,166.14,8,18.46,4,5,0
2026-02-18 20:00:00,12,274.56,10,22.88,6,6,0
2026-02-18 21:00:00,22,525.58,19,23.89,8,14,0
2026-02-18 22:00:00,7,177.45,6,25.35,2,5,0
2026-02-19 11:00:00,9,179.55,8,19.95,4,5,1
2026-02-19 12:00:00,17,405.96,15,23.88,6,11,0
2026-02-19 13:00:00,5,109.9,4,21.98,1,4,0
2026-02-19 14:00:00,24,582.72,21,24.28,10,14,0
2026-02-19 15:00:00,6,139.5,5,23.25,3,3,0
2026-02-19 16:00:00,7,142.94,6,20.42,2,5,0
2026-02-19 17:00:00,8,215.68,7,26.96,4,4,0
2026-02-19 18:00:00,38,938.98,34,24.71,11,27,0
2026-02-19 19:00:00,14,345.24,12,24.66,7,7,0
2026-02-19 20:00:00,19,449.16,17,23.64,6,13,0
2026-02-19 21:00:00,16,385.76,14,24.11,6,10,0
2026-02-19 22:00:00,13,291.2,11,22.4,4,9,0
2026-02-20 11:00:00,27,494.37,24,18.31,14,13,0
2026-02-20 12:00:00,37,740.74,33,20.02,14,23,0
2026-02-20 13:00:00,41,857.31,36,20.91,18,23,0
2026-02-20 14:00:00,24,623.28,21,25.97,10,14,0
2026-02-20 15:00:00,25,603.5,22,24.14,13,12,0
2026-02-20 16:00:00,35,614.6,31,17.56,10,25,1
2026-02-20 17:00:00,23,506.92,20,22.04,8,15,0
2026-02-20 18:00:00,28,626.92,25,22.39,13,15,0
2026-02-20 19:00:00,33,698.28,29,21.16,16,17,0
2026-02-20 20:00:00,38,930.24,34,24.48,18,20,0
2026-02-20 21:00:00,29,645.54,26,22.26,15,14,0
2026-02-20 22:00:00,28,753.2,25,26.9,12,16,0
2026-02-21 11:00:00,31,551.8,27,17.8,16,15,0
2026-02-21 12:00:00,34,603.16,30,17.74,18,16,0
2026-02-21 13:00:00,42,950.04,37,22.62,20,22,0
2026-02-21 14:00:00,39,751.53,35,19.27,21,18,0
2026-02-21 15:00:00,21,483.84,18,23.04,8,13,0
2026-02-21 16:00:00,31,518.63,27,16.73,13,18,0
2026-02-21 17:00:00,30,679.8,27,22.66,13,17,0
2026-02-21 18:00:00,25,601.75,22,24.07,8,17,1
2026-02-21 19:00:00,38,840.18,34,22.11,20,18,0
2026-02-21 20:00:00,32,623.68,28,19.49,14,18,0
2026-02-21 21:00:00,37,667.11,33,18.03,12,25,0
2026-02-21 22:00:00,42,820.26,37,19.53,19,23,1
2026-02-22 11:00:00,15,373.35,13,24.89,8,7,0
2026-02-22 12:00:00,48,1102.08,43,22.96,25,23,1
2026-02-22 13:00:00,40,761.6,36,19.04,13,27,0
2026-02-22 14:00:00,39,966.81,35,24.79,12,27,0
2026-02-22 15:00:00,29,682.08,26,23.52,9,20,0
2026-02-22 16:00:00,29,606.1,26,20.9,13,16,1
2026-02-22 17:00:00,30,629.4,27,20.98,9,21,0
2026-02-22 18:00:00,20,571.6,18,28.58,11,9,0
2026-02-22 19:00:00,26,533.0,23,20.5,14,12,0
2026-02-22 20:00:00,38,1099.34,34,28.93,12,26,0
2026-02-22 21:00:00,33,694.32,29,21.04,9,24,0
2026-02-22 22:00:00,24,457.2,21,19.05,12,12,0
2026-02-23 11:00:00,5,124.5,4,24.9,1,4,0
2026-02-23 12:00:00,20,334.6,18,16.73,8,12,0
2026-02-23 13:00:00,14,374.22,12,26.73,5,9,0
2026-02-23 14:00:00,26,510.12,23,19.62,13,13,0
2026-02-23 15:00:00,9,159.03,8,17.67,4,5,0
2026-02-23 16:00:00,7,216.72,6,30.96,3,4,0
2026-02-23 17:00:00,31,638.91,27,20.61,10,21,0
2026-02-23 18:00:00,19,378.67,17,19.93,6,13,1
2026-02-23 19:00:00,12,310.8,10,25.9,5,7,0
2026-02-23 20:00:00,10,238.9,9,23.89,3,7,0
2026-02-23 21:00:00,28,726.88,25,25.96,11,17,1
2026-02-23 22:00:00,9,202.32,8,22.48,5,4,0
2026-02-24 11:00:00,9,213.57,8,23.73,3,6,0
2026-02-24 12:00:00,15,306.75,13,20.45,7,8,0
2026-02-24 13:00:00,26,625.56,23,24.06,13,13,0
2026-02-24 14:00:00,21,472.29,18,22.49,8,13,0
2026-02-24 15:00:00,8,170.24,7,21.28,3,5,0
2026-02-24 16:00:00,11,267.3,9,24.3,5,6,0
2026-02-24 17:00:00,21,508.83,18,24.23,8,13,1
2026-02-24 18:00:00,12,201.12,10,16.76,3,9,0
2026-02-24 19:00:00,18,368.82,16,20.49,8,10,0
2026-02-24 20:00:00,13,309.14,11,23.78,3,10,0
2026-02-24 21:00:00,24,521.52,21,21.73,10,14,0
2026-02-24 22:00:00,5,92.3,4,18.46,2,3,0
2026-02-25 11:00:00,5,97.2,4,19.44,1,4,0
2026-02-25 12:00:00,17,352.58,15,20.74,8,9,0
2026-02-25 13:00:00,20,539.2,18,26.96,11,9,0
2026-02-25 14:00:00,22,560.12,19,25.46,8,14,0
2026-02-25 15:00:00,5,100.2,4,20.04,2,3,0
2026-02-25 16:00:00,17,390.49,15,22.97,7,10,1
2026-02-25 17:00:00,7,153.93,6,21.99,3,4,0
2026-02-25 18:00:00,17,349.35,15,20.55,6,11,0
2026-02-25 19:00:00,17,319.77,15,18.81,9,8,0
2026-02-25 20:00:00,26,434.72,23,16.72,13,13,0
2026-02-25 21:00:00,20,442.6,18,22.13,8,12,0
2026-02-25 22:00:00,6,116.76,5,19.46,2,4,0
2026-02-26 11:00:00,7,138.6,6,19.8,2,5,0
2026-02-26 12:00:00,15,329.25,13,21.95,5,10,0
2026-02-26 13:00:00,16,362.56,14,22.66,8,8,0
2026-02-26 14:00:00,52,1098.24,46,21.12,26,26,1
2026-02-26 15:00:00,19,493.81,17,25.99,10,9,1
2026-02-26 16:00:00,13,234.52,11,18.04,5,8,0
2026-02-26 17:00:00,24,666.72,21,27.78,11,13,1
2026-02-26 18:00:00,23,502.09,20,21.83,9,14,1
2026-02-26 19:00:00,23,552.0,20,24.0,10,13,0
2026-02-26 20:00:00,24,510.0,21,21.25,8,16,0
2026-02-26 21:00:00,12,248.16,10,20.68,4,8,0
2026-02-26 22:00:00,10,257.0,9,25.7,4,6,0
2026-02-27 11:00:00,28,599.48,25,21.41,9,19,0
2026-02-27 12:00:00,34,527.68,30,15.52,14,20,0
2026-02-27 13:00:00,35,649.95,31,18.57,13,22,0
2026-02-27 14:00:00,42,784.98,37,18.69,21,21,0
2026-02-27 15:00:00,13,261.95,11,20.15,5,8,0
2026-02-27 16:00:00,30,658.5,27,21.95,16,14,0
2026-02-27 17:00:00,26,497.38,23,19.13,10,16,0
2026-02-27 18:00:00,31,716.41,27,23.11,17,14,1
2026-02-27 19:00:00,31,740.9,27,23.9,11,20,0
2026-02-27 20:00:00,32,617.92,28,19.31,12,20,0
2026-02-27 21:00:00,38,764.56,34,20.12,13,25,0
2026-02-27 22:00:00,36,798.48,32,22.18,14,22,1
2026-02-28 11:00:00,29,651.05,26,22.45,15,14,0
2026-02-28 12:00:00,37,600.88,33,16.24,12,25,0
2026-02-28 13:00:00,44,1020.8,39,23.2,23,21,0
2026-02-28 14:00:00,27,454.95,24,16.85,10,17,0
2026-02-28 15:00:00,32,692.16,28,21.63,15,17,0
2026-02-28 16:00:00,29,595.08,26,20.52,11,18,0
2026-02-28 17:00:00,24,421.2,21,17.55,9,15,0
2026-02-28 18:00:00,48,1034.88,43,21.56,14,34,0
2026-02-28 19:00:00,40,880.4,36,22.01,13,27,0
2026-02-28 20:00:00,40,1026.8,36,25.67,23,17,0
2026-02-28 21:00:00,34,688.5,30,20.25,14,20,0
2026-02-28 22:00:00,14,269.78,12,19.27,6,8,0
2026-03-01 11:00:00,36,752.04,32,20.89,19,17,0
2026-03-01 12:00:00,25,438.75,22,17.55,10,15,0
2026-03-01 13:00:00,54,1036.26,48,19.19,17,37,0
2026-03-01 14:00:00,35,648.2,31,18.52,10,25,0
2026-03-01 15:00:00,24,673.68,21,28.07,14,10,0
2026-03-01 16:00:00,22,475.2,19,21.6,12,10,0
2026-03-01 17:00:00,23,517.96,20,22.52,13,10,0
2026-03-01 18:00:00,27,614.79,24,22.77,10,17,0
2026-03-01 19:00:00,35,747.6,31,21.36,16,19,0
2026-03-01 20:00:00,38,724.28,34,19.06,13,25,0
2026-03-01 21:00:00,32,561.6,28,17.55,11,21,0
2026-03-01 22:00:00,26,625.3,23,24.05,12,14,0
2026-03-02 11:00:00,15,353.1,13,23.54,8,7,1
2026-03-02 12:00:00,10,189.9,9,18.99,5,5,0
2026-03-02 13:00:00,14,316.54,12,22.61,7,7,0
2026-03-02 14:00:00,17,231.37,15,13.61,9,8,0
2026-03-02 15:00:00,23,476.79,20,20.73,11,12,0
2026-03-02 16:00:00,8,206.64,7,25.83,2,6,0
2026-03-02 17:00:00,25,531.25,22,21.25,12,13,0
2026-03-02 18:00:00,15,310.35,13,20.69,6,9,0
2026-03-02 19:00:00,11,284.24,9,25.84,6,5,0
2026-03-02 20:00:00,20,439.6,18,21.98,8,12,0
2026-03-02 21:00:00,24,532.08,21,22.17,12,12,0
2026-03-02 22:00:00,5,122.85,4,24.57,2,3,0
2026-03-03 11:00:00,8,169.76,7,21.22,4,4,0
2026-03-03 12:00:00,50,1189.5,45,23.79,23,27,0
2026-03-03 13:00:00,50,1353.0,45,27.06,24,26,1
2026-03-03 14:00:00,13,284.7,11,21.9,4,9,0
2026-03-03 15:00:00,7,139.09,6,19.87,3,4,0
2026-03-03 16:00:00,12,246.96,10,20.58,6,6,0
2026-03-03 17:00:00,9,194.13,8,21.57,4,5,0
2026-03-03 18:00:00,6,117.84,5,19.64,2,4,0
2026-03-03 19:00:00,30,560.1,27,18.67,11,19,0
2026-03-03 20:00:00,17,420.58,15,24.74,9,8,0
2026-03-03 21:00:00,18,409.32,16,22.74,5,13,0
2026-03-03 22:00:00,14,305.48,12,21.82,5,9,0
2026-03-04 11:00:00,5,110.8,4,22.16,2,3,0
2026-03-04 12:00:00,22,512.38,19,23.29,13,9,0
2026-03-04 13:00:00,16,425.76,14,26.61,8,8,0
2026-03-04 14:00:00,11,233.09,9,21.19,4,7,0
2026-03-04 15:00:00,23,740.37,20,32.19,10,13,1
2026-03-04 16:00:00,24,391.92,21,16.33,9,15,0
2026-03-04 17:00:00,23,565.8,20,24.6,12,11,0
2026-03-04 18:00:00,12,239.04,10,19.92,5,7,0
2026-03-04 19:00:00,19,381.14,17,20.06,7,12,0
2026-03-04 20:00:00,25,606.0,22,24.24,9,16,0
2026-03-04 21:00:00,30,712.8,27,23.76,11,19,1
2026-03-04 22:00:00,11,208.89,9,18.99,3,8,0
2026-03-05 11:00:00,5,121.05,4,24.21,1,4,0
2026-03-05 12:00:00,35,703.85,31,20.11,15,20,1
2026-03-05 13:00:00,29,647.57,26,22.33,11,18,0
2026-03-05 14:00:00,10,238.6,9,23.86,4,6,0
2026-03-05 15:00:00,21,454.65,18,21.65,9,12,0
2026-03-05 16:00:00,11,302.83,9,27.53,5,6,0
2026-03-05 17:00:00,5,87.4,4,17.48,2,3,0
2026-03-05 18:00:00,10,202.3,9,20.23,4,6,0
2026-03-05 19:00:00,20,388.6,18,19.43,8,12,0
2026-03-05 20:00:00,27,649.35,24,24.05,14,13,0
2026-03-05 21:00:00,22,476.74,19,21.67,12,10,0
2026-03-05 22:00:00,8,147.44,7,18.43,3,5,0
2026-03-06 11:00:00,32,752.64,28,23.52,14,18,0
2026-03-06 12:00:00,32,781.44,28,24.42,18,14,0
2026-03-06 13:00:00,58,1356.04,52,23.38,24,34,0
2026-03-06 14:00:00,43,1103.81,38,25.67,23,20,0
2026-03-06 15:00:00,28,594.16,25,21.22,15,13,0
2026-03-06 16:00:00,23,589.72,20,25.64,13,10,0
2026-03-06 17:00:00,32,947.2,28,29.6,12,20,0
2026-03-06 18:00:00,35,780.15,31,22.29,11,24,1
2026-03-06 19:00:00,28,763.28,25,27.26,10,18,0
2026-03-06 20:00:00,37,1017.5,33,27.5,17,20,0
2026-03-06 21:00:00,38,822.32,34,21.64,13,25,1
2026-03-06 22:00:00,24,585.6,21,24.4,8,16,0
2026-03-07 11:00:00,26,615.68,23,23.68,14,12,0
2026-03-07 12:00:00,32,743.68,28,23.24,12,20,0
2026-03-07 13:00:00,38,838.28,34,22.06,21,17,0
2026-03-07 14:00:00,32,601.6,28,18.8,12,20,0
2026-03-07 15:00:00,29,677.15,26,23.35,13,16,0
2026-03-07 16:00:00,38,971.66,34,25.57,19,19,0
2026-03-07 17:00:00,17,304.13,15,17.89,9,8,0
2026-03-07 18:00:00,29,709.92,26,24.48,11,18,0
2026-03-07 19:00:00,34,846.94,30,24.91,19,15,0
2026-03-07 20:00:00,37,834.35,33,22.55,20,17,0
2026-03-07 21:00:00,25,636.5,22,25.46,14,11,0
2026-03-07 22:00:00,13,350.74,11,26.98,6,7,0
2026-03-08 11:00:00,35,631.05,31,18.03,11,24,0
2026-03-08 12:00:00,49,928.55,44,18.95,16,33,1
2026-03-08 13:00:00,51,1027.65,45,20.15,18,33,0
2026-03-08 14:00:00,47,1079.59,42,22.97,22,25,1
2026-03-08 15:00:00,23,380.42,20,16.54,13,10,0
2026-03-08 16:00:00,22,593.56,19,26.98,8,14,0
2026-03-08 17:00:00,29,557.38,26,19.22,9,20,0
2026-03-08 18:00:00,26,558.48,23,21.48,14,12,0
2026-03-08 19:00:00,43,924.07,38,21.49,17,26,0
2026-03-08 20:00:00,28,598.36,25,21.37,16,12,0
2026-03-08 21:00:00,51,1313.25,45,25.75,23,28,1
2026-03-08 22:00:00,23,437.23,20,19.01,8,15,0
2026-03-09 11:00:00,13,242.19,11,18.63,4,9,0
2026-03-09 12:00:00,21,504.63,18,24.03,8,13,0
2026-03-09 13:00:00,13,279.11,11,21.47,6,7,0
2026-03-09 14:00:00,22,523.6,19,23.8,10,12,0
2026-03-09 15:00:00,13,259.35,11,19.95,5,8,0
2026-03-09 16:00:00,7,145.11,6,20.73,3,4,0
2026-03-09 17:00:00,5,131.45,4,26.29,2,3,0
2026-03-09 18:00:00,9,227.25,8,25.25,2,7,0
2026-03-09 19:00:00,25,707.0,22,28.28,12,13,0
2026-03-09 20:00:00,14,329.0,12,23.5,7,7,0
2026-03-09 21:00:00,19,420.66,17,22.14,8,11,0
2026-03-09 22:00:00,13,261.3,11,20.1,6,7,0
2026-03-10 11:00:00,8,123.36,7,15.42,3,5,0
2026-03-10 12:00:00,17,464.27,15,27.31,6,11,0
2026-03-10 13:00:00,23,551.54,20,23.98,8,15,0
2026-03-10 14:00:00,24,528.24,21,22.01,12,12,0
2026-03-10 15:00:00,13,261.69,11,20.13,5,8,0
2026-03-10 16:00:00,9,193.23,8,21.47,3,6,0
2026-03-10 17:00:00,16,318.24,14,19.89,5,11,0
2026-03-10 18:00:00,28,573.44,25,20.48,11,17,0
2026-03-10 19:00:00,28,711.76,25,25.42,14,14,0
2026-03-10 20:00:00,22,539.44,19,24.52,10,12,0
2026-03-10 21:00:00,15,358.8,13,23.92,6,9,0
2026-03-10 22:00:00,11,217.8,9,19.8,4,7,0
2026-03-11 11:00:00,32,717.44,28,22.42,10,22,1
2026-03-11 12:00:00,20,338.6,18,16.93,11,9,0
2026-03-11 13:00:00,21,511.77,18,24.37,9,12,0
2026-03-11 14:00:00,25,543.5,22,21.74,9,16,0
2026-03-11 15:00:00,11,277.86,9,25.26,6,5,0
2026-03-11 16:00:00,10,199.8,9,19.98,4,6,0
2026-03-11 17:00:00,5,123.4,4,24.68,2,3,0
2026-03-11 18:00:00,11,232.43,9,21.13,5,6,0
2026-03-11 19:00:00,16,337.12,14,21.07,7,9,0
2026-03-11 20:00:00,30,807.0,27,26.9,12,18,1
2026-03-11 21:00:00,36,987.12,32,27.42,13,23,1
2026-03-11 22:00:00,7,115.29,6,16.47,3,4,0
2026-03-12 11:00:00,9,214.83,8,23.87,2,7,0
2026-03-12 12:00:00,21,619.92,18,29.52,10,11,0
2026-03-12 13:00:00,34,689.86,30,20.29,11,23,1
2026-03-12 14:00:00,26,448.76,23,17.26,8,18,0
2026-03-12 15:00:00,17,358.19,15,21.07,6,11,1
2026-03-12 16:00:00,16,371.84,14,23.24,7,9,0
2026-03-12 17:00:00,6,87.12,5,14.52,2,4,0
2026-03-12 18:00:00,5,118.65,4,23.73,2,3,0
2026-03-12 19:00:00,29,628.43,26,21.67,11,18,0
2026-03-12 20:00:00,9,222.66,8,24.74,2,7,0
2026-03-12 21:00:00,22,453.2,19,20.6,9,13,0
2026-03-12 22:00:00,5,101.85,4,20.37,2,3,0
2026-03-13 11:00:00,25,535.5,22,21.42,12,13,0
2026-03-13 12:00:00,29,527.22,26,18.18,14,15,0
2026-03-13 13:00:00,41,988.92,36,24.12,13,28,1
2026-03-13 14:00:00,33,830.28,29,25.16,16,17,0
2026-03-13 15:00:00,22,539.66,19,24.53,10,12,0
2026-03-13 16:00:00,28,591.08,25,21.11,9,19,0
2026-03-13 17:00:00,34,839.8,30,24.7,12,22,0
2026-03-13 18:00:00,30,735.6,27,24.52,13,17,0
2026-03-13 19:00:00,33,892.98,29,27.06,15,18,0
2026-03-13 20:00:00,39,885.69,35,22.71,15,24,0
2026-03-13 21:00:00,53,1368.46,47,25.82,25,28,0
2026-03-13 22:00:00,30,654.9,27,21.83,12,18,0
2026-03-14 11:00:00,19,467.21,17,24.59,8,11,0
2026-03-14 12:00:00,36,678.96,32,18.86,14,22,0
2026-03-14 13:00:00,45,1053.45,40,23.41,25,20,1
2026-03-14 14:00:00,35,536.2,31,15.32,17,18,0
2026-03-14 15:00:00,47,983.24,42,20.92,27,20,0
2026-03-14 16:00:00,24,576.72,21,24.03,14,10,0
2026-03-14 17:00:00,7,129.99,6,18.57,3,4,0
2026-03-14 18:00:00,31,670.84,27,21.64,9,22,0
2026-03-14 19:00:00,39,933.66,35,23.94,22,17,0
2026-03-14 20:00:00,36,776.52,32,21.57,19,17,0
2026-03-14 21:00:00,37,838.05,33,22.65,19,18,0
2026-03-14 22:00:00,17,286.96,15,16.88,5,12,0
2026-03-15 11:00:00,36,696.96,32,19.36,19,17,1
2026-03-15 12:00:00,40,678.0,36,16.95,23,17,0
2026-03-15 13:00:00,39,953.94,35,24.46,12,27,0
2026-03-15 14:00:00,35,549.5,31,15.7,16,19,0
2026-03-15 15:00:00,23,556.14,20,24.18,7,16,0
2026-03-15 16:00:00,12,293.64,10,24.47,4,8,0
2026-03-15 17:00:00,19,330.22,17,17.38,9,10,0
2026-03-15 18:00:00,29,619.15,26,21.35,13,16,0
2026-03-15 19:00:00,34,761.94,30,22.41,18,16,0
2026-03-15 20:00:00,43,682.41,38,15.87,16,27,1
2026-03-15 21:00:00,37,899.47,33,24.31,22,15,0
2026-03-15 22:00:00,26,608.66,23,23.41,10,16,0
2026-03-16 11:00:00,10,213.2,9,21.32,4,6,0
2026-03-16 12:00:00,26,679.38,23,26.13,9,17,0
2026-03-16 13:00:00,39,650.52,35,16.68,21,18,1
2026-03-16 14:00:00,28,631.4,25,22.55,12,16,0
2026-03-16 15:00:00,7,128.45,6,18.35,3,4,0
2026-03-16 16:00:00,41,965.14,36,23.54,17,24,1
2026-03-16 17:00:00,12,283.08,10,23.59,4,8,0
2026-03-16 18:00:00,13,358.41,11,27.57,4,9,0
2026-03-16 19:00:00,21,502.11,18,23.91,12,9,0
2026-03-16 20:00:00,18,505.44,16,28.08,7,11,0
2026-03-16 21:00:00,12,311.52,10,25.96,5,7,0
2026-03-16 22:00:00,11,237.05,9,21.55,3,8,0
2026-03-17 11:00:00,5,122.15,4,24.43,1,4,0
2026-03-17 12:00:00,16,407.04,14,25.44,7,9,0
2026-03-17 13:00:00,29,510.4,26,17.6,9,20,1
2026-03-17 14:00:00,20,445.6,18,22.28,10,10,0
2026-03-17 15:00:00,20,509.8,18,25.49,11,9,0
2026-03-17 16:00:00,38,934.42,34,24.59,22,16,0
2026-03-17 17:00:00,13,323.05,11,24.85,6,7,1
2026-03-17 18:00:00,7,144.06,6,20.58,3,4,0
2026-03-17 19:00:00,23,470.58,20,20.46,9,14,0
2026-03-17 20:00:00,27,467.37,24,17.31,14,13,0
2026-03-17 21:00:00,20,444.2,18,22.21,7,13,0
2026-03-17 22:00:00,14,294.28,12,21.02,7,7,1
2026-03-18 11:00:00,7,121.24,6,17.32,3,4,0
2026-03-18 12:00:00,16,347.36,14,21.71,6,10,0
2026-03-18 13:00:00,39,950.82,35,24.38,16,23,0
2026-03-18 14:00:00,26,550.16,23,21.16,12,14,0
2026-03-18 15:00:00,5,117.1,4,23.42,2,3,0
2026-03-18 16:00:00,9,226.44,8,25.16,3,6,0
2026-03-18 17:00:00,9,200.34,8,22.26,3,6,0
2026-03-18 18:00:00,9,239.67,8,26.63,3,6,0
2026-03-18 19:00:00,20,509.0,18,25.45,10,10,0
2026-03-18 20:00:00,18,432.54,16,24.03,10,8,0
2026-03-18 21:00:00,34,721.82,30,21.23,13,21,1
2026-03-18 22:00:00,14,243.18,12,17.37,6,8,0
2026-03-19 11:00:00,11,265.21,9,24.11,3,8,0
2026-03-19 12:00:00,16,329.92,14,20.62,5,11,0
2026-03-19 13:00:00,14,266.98,12,19.07,6,8,0
2026-03-19 14:00:00,16,393.92,14,24.62,5,11,0
2026-03-19 15:00:00,6,96.9,5,16.15,3,3,0
2026-03-19 16:00:00,12,196.08,10,16.34,6,6,0
2026-03-19 17:00:00,19,402.42,17,21.18,6,13,1
2026-03-19 18:00:00,8,141.92,7,17.74,2,6,0
2026-03-19 19:00:00,22,434.5,19,19.75,7,15,0
2026-03-19 20:00:00,5,121.9,4,24.38,2,3,0
2026-03-19 21:00:00,22,573.32,19,26.06,9,13,0
2026-03-19 22:00:00,10,237.2,9,23.72,4,6,0
2026-03-20 11:00:00,22,361.46,19,16.43,7,15,0
2026-03-20 12:00:00,31,729.74,27,23.54,14,17,0
2026-03-20 13:00:00,36,764.64,32,21.24,15,21,0
2026-03-20 14:00:00,33,614.79,29,18.63,18,15,0
2026-03-20 15:00:00,23,485.3,20,21.1,12,11,0
2026-03-20 16:00:00,31,721.37,27,23.27,10,21,0
2026-03-20 17:00:00,25,567.25,22,22.69,11,14,0
2026-03-20 18:00:00,30,622.2,27,20.74,12,18,0
2026-03-20 19:00:00,32,857.92,28,26.81,19,13,0
2026-03-20 20:00:00,38,763.42,34,20.09,16,22,0
2026-03-20 21:00:00,63,1323.0,56,21.0,27,36,0
2026-03-20 22:00:00,23,413.31,20,17.97,12,11,0
2026-03-21 11:00:00,19,473.48,17,24.92,8,11,0
2026-03-21 12:00:00,44,964.92,39,21.93,15,29,1
2026-03-21 13:00:00,41,963.91,36,23.51,15,26,0
2026-03-21 14:00:00,29,740.95,26,25.55,13,16,0
2026-03-21 15:00:00,30,648.6,27,21.62,12,18,0
2026-03-21 16:00:00,16,369.92,14,23.12,7,9,0
2026-03-21 17:00:00,20,424.8,18,21.24,8,12,0
2026-03-21 18:00:00,34,658.92,30,19.38,13,21,1
2026-03-21 19:00:00,41,822.05,36,20.05,18,23,0
2026-03-21 20:00:00,41,916.35,36,22.35,16,25,0
2026-03-21 21:00:00,28,606.76,25,21.67,13,15,0
2026-03-21 22:00:00,31,668.05,27,21.55,14,17,0
2026-03-22 11:00:00,21,523.11,18,24.91,9,12,0
2026-03-22 12:00:00,31,419.43,27,13.53,17,14,0
2026-03-22 13:00:00,33,721.05,29,21.85,18,15,0
2026-03-22 14:00:00,33,732.93,29,22.21,13,20,0
2026-03-22 15:00:00,24,463.68,21,19.32,9,15,0
2026-03-22 16:00:00,23,541.42,20,23.54,7,16,0
2026-03-22 17:00:00,31,571.33,27,18.43,9,22,0
2026-03-22 18:00:00,19,456.19,17,24.01,10,9,0
2026-03-22 19:00:00,53,1074.31,47,20.27,18,35,1
2026-03-22 20:00:00,30,762.0,27,25.4,16,14,0
2026-03-22 21:00:00,40,629.2,36,15.73,18,22,0
2026-03-22 22:00:00,16,301.44,14,18.84,6,10,0
2026-03-23 11:00:00,13,284.96,11,21.92,5,8,0
2026-03-23 12:00:00,18,474.48,16,26.36,8,10,0
2026-03-23 13:00:00,22,439.56,19,19.98,13,9,1
2026-03-23 14:00:00,21,508.83,18,24.23,8,13,0
2026-03-23 15:00:00,7,133.7,6,19.1,2,5,0
2026-03-23 16:00:00,25,572.25,22,22.89,10,15,1
2026-03-23 17:00:00,5,131.85,4,26.37,1,4,0
2026-03-23 18:00:00,12,294.12,10,24.51,3,9,0
2026-03-23 19:00:00,20,396.2,18,19.81,10,10,0
2026-03-23 20:00:00,40,1025.6,36,25.64,20,20,0
2026-03-23 21:00:00,18,343.98,16,19.11,9,9,0
2026-03-23 22:00:00,42,945.84,37,22.52,21,21,0
2026-03-24 11:00:00,10,213.2,9,21.32,4,6,0
2026-03-24 12:00:00,21,290.64,18,13.84,12,9,0
2026-03-24 13:00:00,24,570.96,21,23.79,12,12,0
2026-03-24 14:00:00,25,564.75,22,22.59,13,12,0
2026-03-24 15:00:00,8,202.8,7,25.35,3,5,0
2026-03-24 16:00:00,16,337.92,14,21.12,6,10,0
2026-03-24 17:00:00,15,329.55,13,21.97,7,8,1
2026-03-24 18:00:00,5,108.25,4,21.65,1,4,0
2026-03-24 19:00:00,22,419.76,19,19.08,12,10,0
2026-03-24 20:00:00,19,419.9,17,22.1,7,12,0
2026-03-24 21:00:00,24,626.64,21,26.11,11,13,0
2026-03-24 22:00:00,28,783.44,25,27.98,15,13,0
2026-03-25 11:00:00,13,270.92,11,20.84,7,6,0
2026-03-25 12:00:00,38,788.5,34,20.75,18,20,0
2026-03-25 13:00:00,17,435.2,15,25.6,9,8,0
2026-03-25 14:00:00,24,511.44,21,21.31,8,16,0
2026-03-25 15:00:00,6,151.2,5,25.2,1,5,0
2026-03-25 16:00:00,10,186.5,9,18.65,3,7,0
2026-03-25 17:00:00,9,192.69,8,21.41,3,6,1
2026-03-25 18:00:00,11,257.95,9,23.45,6,5,0
2026-03-25 19:00:00,24,418.32,21,17.43,11,13,0
2026-03-25 20:00:00,20,438.0,18,21.9,10,10,0
2026-03-25 21:00:00,15,371.7,13,24.78,4,11,0
2026-03-25 22:00:00,8,174.88,7,21.86,4,4,0
2026-03-26 11:00:00,6,134.52,5,22.42,2,4,0
2026-03-26 12:00:00,22,492.58,19,22.39,13,9,0
2026-03-26 13:00:00,43,890.1,38,20.7,25,18,0
2026-03-26 14:00:00,23,551.08,20,23.96,9,14,0
2026-03-26 15:00:00,12,296.4,10,24.7,3,9,0
2026-03-26 16:00:00,7,142.52,6,20.36,4,3,0
2026-03-26 17:00:00,16,302.4,14,18.9,7,9,1
2026-03-26 18:00:00,7,144.2,6,20.6,2,5,0
2026-03-26 19:00:00,16,349.28,14,21.83,8,8,0
2026-03-26 20:00:00,13,321.1,11,24.7,6,7,0
2026-03-26 21:00:00,19,432.06,17,22.74,7,12,0
2026-03-26 22:00:00,5,109.85,4,21.97,2,3,0
2026-03-27 11:00:00,27,605.88,24,22.44,16,11,0
2026-03-27 12:00:00,40,915.2,36,22.88,13,27,0
2026-03-27 13:00:00,28,581.28,25,20.76,11,17,0
2026-03-27 14:00:00,39,956.67,35,24.53,15,24,1
2026-03-27 15:00:00,24,608.88,21,25.37,11,13,0
2026-03-27 16:00:00,18,375.84,16,20.88,9,9,0
2026-03-27 17:00:00,26,526.5,23,20.25,9,17,0
2026-03-27 18:00:00,11,199.21,9,18.11,5,6,0
2026-03-27 19:00:00,41,1013.93,36,24.73,15,26,0
2026-03-27 20:00:00,25,506.25,22,20.25,14,11,0
2026-03-27 21:00:00,35,664.3,31,18.98,19,16,0
2026-03-27 22:00:00,22,395.56,19,17.98,9,13,0
2026-03-28 11:00:00,34,757.52,30,22.28,11,23,0
2026-03-28 12:00:00,32,554.24,28,17.32,15,17,0
2026-03-28 13:00:00,33,684.09,29,20.73,12,21,0
2026-03-28 14:00:00,31,646.04,27,20.84,14,17,0
2026-03-28 15:00:00,19,476.71,17,25.09,8,11,0
2026-03-28 16:00:00,29,744.14,26,25.66,16,13,0
2026-03-28 17:00:00,16,441.44,14,27.59,7,9,0
2026-03-28 18:00:00,16,287.84,14,17.99,8,8,0
2026-03-28 19:00:00,29,631.91,26,21.79,12,17,0
2026-03-28 20:00:00,48,846.24,43,17.63,28,20,0
2026-03-28 21:00:00,36,729.36,32,20.26,11,25,0
2026-03-28 22:00:00,32,643.2,28,20.1,14,18,1
2026-03-29 11:00:00,48,944.16,43,19.67,18,30,0
2026-03-29 12:00:00,31,861.49,27,27.79,16,15,0
2026-03-29 13:00:00,30,545.7,27,18.19,17,13,0
2026-03-29 14:00:00,34,689.52,30,20.28,18,16,0
2026-03-29 15:00:00,25,612.0,22,24.48,8,17,0
2026-03-29 16:00:00,24,537.84,21,22.41,8,16,0
2026-03-29 17:00:00,39,884.13,35,22.67,19,20,1
2026-03-29 18:00:00,22,547.8,19,24.9,13,9,0
2026-03-29 19:00:00,36,959.04,32,26.64,12,24,0
2026-03-29 20:00:00,40,810.8,36,20.27,21,19,0
2026-03-29 21:00:00,35,752.15,31,21.49,17,18,0
2026-03-29 22:00:00,16,303.84,14,18.99,7,9,0
2026-03-30 11:00:00,19,358.91,17,18.89,10,9,0
2026-03-30 12:00:00,17,349.18,15,20.54,5,12,0
2026-03-30 13:00:00,18,371.88,16,20.66,7,11,0
2026-03-30 14:00:00,28,535.36,25,19.12,8,20,0
2026-03-30 15:00:00,5,109.85,4,21.97,1,4,0
2026-03-30 16:00:00,19,454.67,17,23.93,6,13,1
2026-03-30 17:00:00,28,558.04,25,19.93,14,14,1
2026-03-30 18:00:00,5,97.5,4,19.5,1,4,0
2026-03-30 19:00:00,13,303.42,11,23.34,7,6,0
2026-03-30 20:00:00,21,484.47,18,23.07,7,14,0
2026-03-30 21:00:00,29,603.2,26,20.8,10,19,1
2026-03-30 22:00:00,6,134.16,5,22.36,2,4,0
2026-03-31 11:00:00,12,243.36,10,20.28,5,7,0
2026-03-31 12:00:00,38,832.2,34,21.9,12,26,1
2026-03-31 13:00:00,14,349.86,12,24.99,5,9,0
2026-03-31 14:00:00,24,565.2,21,23.55,13,11,0
2026-03-31 15:00:00,7,167.02,6,23.86,4,3,0
2026-03-31 16:00:00,7,171.78,6,24.54,2,5,0
2026-03-31 17:00:00,15,324.15,13,21.61,4,11,0
2026-03-31 18:00:00,8,181.52,7,22.69,3,5,0
2026-03-31 19:00:00,14,324.1,12,23.15,7,7,0
2026-03-31 20:00:00,17,417.01,15,24.53,6,11,0
2026-03-31 21:00:00,20,431.2,18,21.56,6,14,0
2026-03-31 22:00:00,5,119.45,4,23.89,1,4,0
2026-04-01 11:00:00,11,236.5,9,21.5,4,7,0
2026-04-01 12:00:00,19,406.22,17,21.38,10,9,0
2026-04-01 13:00:00,19,460.37,17,24.23,10,9,0
2026-04-01 14:00:00,23,483.0,20,21.0,12,11,0
2026-04-01 15:00:00,6,135.42,5,22.57,3,3,0
2026-04-01 16:00:00,9,179.28,8,19.92,4,5,0
2026-04-01 17:00:00,9,209.34,8,23.26,2,7,0
2026-04-01 18:00:00,5,141.35,4,28.27,1,4,0
2026-04-01 19:00:00,25,493.75,22,19.75,11,14,0
2026-04-01 20:00:00,12,273.36,10,22.78,6,6,0
2026-04-01 21:00:00,22,402.16,19,18.28,8,14,0
2026-04-01 22:00:00,18,376.92,16,20.94,5,13,0
2026-04-02 11:00:00,7,137.97,6,19.71,2,5,0
2026-04-02 12:00:00,24,587.76,21,24.49,10,14,0
2026-04-02 13:00:00,14,300.72,12,21.48,6,8,0
2026-04-02 14:00:00,21,548.1,18,26.1,10,11,0
2026-04-02 15:00:00,5,98.25,4,19.65,2,3,0
2026-04-02 16:00:00,7,112.49,6,16.07,2,5,0
2026-04-02 17:00:00,6,141.12,5,23.52,3,3,0
2026-04-02 18:00:00,7,154.91,6,22.13,3,4,0
2026-04-02 19:00:00,17,381.31,15,22.43,6,11,0
2026-04-02 20:00:00,34,601.12,30,17.68,15,19,1
2026-04-02 21:00:00,11,254.21,9,23.11,4,7,0
2026-04-02 22:00:00,11,276.65,9,25.15,3,8,0
2026-04-03 11:00:00,26,616.72,23,23.72,12,14,0
2026-04-03 12:00:00,31,771.59,27,24.89,17,14,0
2026-04-03 13:00:00,31,521.73,27,16.83,11,20,0
2026-04-03 14:00:00,30,742.5,27,24.75,16,14,0
2026-04-03 15:00:00,24,469.68,21,19.57,12,12,0
2026-04-03 16:00:00,21,539.7,18,25.7,9,12,0
2026-04-03 17:00:00,24,552.24,21,23.01,14,10,0
2026-04-03 18:00:00,36,712.8,32,19.8,13,23,0
2026-04-03 19:00:00,41,815.08,36,19.88,19,22,0
2026-04-03 20:00:00,36,907.56,32,25.21,21,15,0
2026-04-03 21:00:00,34,615.06,30,18.09,16,18,0
2026-04-03 22:00:00,32,553.92,28,17.31,14,18,1
2026-04-04 11:00:00,29,784.45,26,27.05,11,18,0
2026-04-04 12:00:00,44,873.4,39,19.85,15,29,1
2026-04-04 13:00:00,38,1079.58,34,28.41,14,24,0
2026-04-04 14:00:00,40,918.0,36,22.95,21,19,0
2026-04-04 15:00:00,18,320.76,16,17.82,10,8,0
2026-04-04 16:00:00,34,754.46,30,22.19,16,18,1
2026-04-04 17:00:00,23,468.05,20,20.35,13,10,0
2026-04-04 18:00:00,21,452.76,18,21.56,10,11,0
2026-04-04 19:00:00,36,1053.36,32,29.26,15,21,0
2026-04-04 20:00:00,26,634.14,23,24.39,11,15,0
2026-04-04 21:00:00,32,625.28,28,19.54,16,16,0
2026-04-04 22:00:00,23,526.93,20,22.91,12,11,0
2026-04-05 11:00:00,25,625.25,22,25.01,9,16,1
2026-04-05 12:00:00,56,1232.56,50,22.01,33,23,0
2026-04-05 13:00:00,32,425.28,28,13.29,16,16,0
2026-04-05 14:00:00,52,1109.16,46,21.33,16,36,0
2026-04-05 15:00:00,32,696.64,28,21.77,14,18,0
2026-04-05 16:00:00,25,488.0,22,19.52,9,16,0
2026-04-05 17:00:00,24,421.92,21,17.58,14,10,0
2026-04-05 18:00:00,23,554.76,20,24.12,13,10,0
2026-04-05 19:00:00,26,554.84,23,21.34,15,11,0
2026-04-05 20:00:00,38,915.8,34,24.1,17,21,0
2026-04-05 21:00:00,26,638.82,23,24.57,12,14,0
2026-04-05 22:00:00,32,656.96,28,20.53,10,22,0
2026-04-06 11:00:00,7,151.62,6,21.66,2,5,0
2026-04-06 12:00:00,14,359.24,12,25.66,5,9,0
2026-04-06 13:00:00,28,698.04,25,24.93,11,17,0
2026-04-06 14:00:00,11,220.33,9,20.03,5,6,0
2026-04-06 15:00:00,7,149.17,6,21.31,2,5,0
2026-04-06 16:00:00,10,219.1,9,21.91,4,6,0
2026-04-06 17:00:00,9,224.73,8,24.97,4,5,0
2026-04-06 18:00:00,22,474.1,19,21.55,10,12,1
2026-04-06 19:00:00,23,521.87,20,22.69,8,15,0
2026-04-06 20:00:00,23,608.58,20,26.46,11,12,0
2026-04-06 21:00:00,25,464.25,22,18.57,9,16,0
2026-04-06 22:00:00,9,210.06,8,23.34,5,4,0
2026-04-07 11:00:00,5,115.8,4,23.16,2,3,0
2026-04-07 12:00:00,22,402.82,19,18.31,13,9,0
2026-04-07 13:00:00,19,438.14,17,23.06,6,13,0
2026-04-07 14:00:00,27,594.27,24,22.01,9,18,0
2026-04-07 15:00:00,5,90.75,4,18.15,2,3,0
2026-04-07 16:00:00,7,161.63,6,23.09,3,4,0
2026-04-07 17:00:00,22,412.06,19,18.73,12,10,1
2026-04-07 18:00:00,12,192.24,10,16.02,4,8,0
2026-04-07 19:00:00,17,394.57,15,23.21,7,10,0
2026-04-07 20:00:00,25,442.0,22,17.68,7,18,0
2026-04-07 21:00:00,21,443.31,18,21.11,8,13,0
2026-04-07 22:00:00,5,90.4,4,18.08,1,4,0
2026-04-08 11:00:00,11,301.95,9,27.45,6,5,0
2026-04-08 12:00:00,20,605.8,18,30.29,8,12,0
2026-04-08 13:00:00,23,454.02,20,19.74,10,13,0
2026-04-08 14:00:00,24,446.4,21,18.6,13,11,0
2026-04-08 15:00:00,10,224.5,9,22.45,4,6,0
2026-04-08 16:00:00,10,183.7,9,18.37,3,7,0
2026-04-08 17:00:00,5,121.7,4,24.34,1,4,0
2026-04-08 18:00:00,8,184.56,7,23.07,4,4,0
2026-04-08 19:00:00,27,623.97,24,23.11,11,16,0
2026-04-08 20:00:00,14,298.9,12,21.35,6,8,0
2026-04-08 21:00:00,39,1005.03,35,25.77,18,21,0
2026-04-08 22:00:00,5,116.0,4,23.2,2,3,0
2026-04-09 11:00:00,5,101.95,4,20.39,1,4,0
2026-04-09 12:00:00,23,520.49,20,22.63,8,15,0
2026-04-09 13:00:00,20,426.8,18,21.34,11,9,0
2026-04-09 14:00:00,23,480.47,20,20.89,12,11,0
2026-04-09 15:00:00,17,420.41,15,24.73,5,12,1
2026-04-09 16:00:00,5,94.4,4,18.88,1,4,0
2026-04-09 17:00:00,6,149.7,5,24.95,2,4,0
2026-04-09 18:00:00,10,186.9,9,18.69,4,6,0
2026-04-09 19:00:00,14,350.56,12,25.04,5,9,0
2026-04-09 20:00:00,14,282.38,12,20.17,5,9,0
2026-04-09 21:00:00,17,399.67,15,23.51,5,12,0
2026-04-09 22:00:00,7,126.56,6,18.08,2,5,0
2026-04-10 11:00:00,25,592.75,22,23.71,9,16,0
2026-04-10 12:00:00,42,955.08,37,22.74,23,19,0
2026-04-10 13:00:00,28,742.0,25,26.5,16,12,0
2026-04-10 14:00:00,32,783.04,28,24.47,19,13,0
2026-04-10 15:00:00,32,711.68,28,22.24,13,19,0
2026-04-10 16:00:00,24,546.0,21,22.75,11,13,0
2026-04-10 17:00:00,37,924.26,33,24.98,15,22,1
2026-04-10 18:00:00,34,751.4,30,22.1,10,24,1
2026-04-10 19:00:00,32,654.4,28,20.45,15,17,0
2026-04-10 20:00:00,40,826.0,36,20.65,18,22,1
2026-04-10 21:00:00,30,737.7,27,24.59,9,21,0
2026-04-10 22:00:00,38,824.22,34,21.69,13,25,1
2026-04-11 11:00:00,26,505.96,23,19.46,13,13,0
2026-04-11 12:00:00,47,1194.74,42,25.42,15,32,0
2026-04-11 13:00:00,40,1069.6,36,26.74,18,22,0
2026-04-11 14:00:00,39,894.27,35,22.93,18,21,0
2026-04-11 15:00:00,29,539.11,26,18.59,16,13,0
2026-04-11 16:00:00,28,691.6,25,24.7,8,20,0
2026-04-11 17:00:00,24,531.36,21,22.14,8,16,0
2026-04-11 18:00:00,23,499.79,20,21.73,10,13,0
2026-04-11 19:00:00,35,798.0,31,22.8,19,16,0
2026-04-11 20:00:00,30,599.4,27,19.98,15,15,0
2026-04-11 21:00:00,38,876.66,34,23.07,18,20,0
2026-04-11 22:00:00,41,885.6,36,21.6,12,29,0
2026-04-12 11:00:00,33,522.06,29,15.82,15,18,0
2026-04-12 12:00:00,22,349.14,19,15.87,9,13,0
2026-04-12 13:00:00,45,850.5,40,18.9,25,20,0
2026-04-12 14:00:00,30,708.6,27,23.62,9,21,0
2026-04-12 15:00:00,27,573.48,24,21.24,13,14,0
2026-04-12 16:00:00,41,995.89,36,24.29,22,19,1
2026-04-12 17:00:00,21,399.42,18,19.02,7,14,0
2026-04-12 18:00:00,25,611.0,22,24.44,13,12,0
2026-04-12 19:00:00,43,985.56,38,22.92,15,28,0
2026-04-12 20:00:00,33,852.06,29,25.82,17,16,0
2026-04-12 21:00:00,40,970.0,36,24.25,23,17,0
2026-04-12 22:00:00,19,400.14,17,21.06,6,13,0
2026-04-13 11:00:00,9,218.34,8,24.26,3,6,0
2026-04-13 12:00:00,10,208.4,9,20.84,3,7,0
2026-04-13 13:00:00,20,426.6,18,21.33,10,10,0
2026-04-13 14:00:00,28,700.28,25,25.01,13,15,0
2026-04-13 15:00:00,15,309.45,13,20.63,7,8,0
2026-04-13 16:00:00,10,194.5,9,19.45,3,7,0
2026-04-13 17:00:00,5,125.2,4,25.04,2,3,0
2026-04-13 18:00:00,14,269.5,12,19.25,7,7,0
2026-04-13 19:00:00,20,351.8,18,17.59,11,9,0
2026-04-13 20:00:00,22,422.18,19,19.19,9,13,0
2026-04-13 21:00:00,20,544.2,18,27.21,10,10,0
2026-04-13 22:00:00,5,115.2,4,23.04,2,3,0
2026-04-14 11:00:00,9,167.49,8,18.61,3,6,0
2026-04-14 12:00:00,16,372.8,14,23.3,9,7,0
2026-04-14 13:00:00,18,472.32,16,26.24,7,11,0
2026-04-14 14:00:00,22,418.88,19,19.04,10,12,0
2026-04-14 15:00:00,14,349.86,12,24.99,4,10,0
2026-04-14 16:00:00,31,734.7,27,23.7,17,14,0
2026-04-14 17:00:00,11,282.7,9,25.7,4,7,0
2026-04-14 18:00:00,15,263.7,13,17.58,5,10,0
2026-04-14 19:00:00,12,257.28,10,21.44,5,7,0
2026-04-14 20:00:00,23,588.34,20,25.58,10,13,0
2026-04-14 21:00:00,18,384.48,16,21.36,9,9,0
2026-04-14 22:00:00,8,174.08,7,21.76,2,6,0
2026-04-15 11:00:00,10,206.5,9,20.65,5,5,0
2026-04-15 12:00:00,18,416.7,16,23.15,7,11,0
2026-04-15 13:00:00,33,909.48,29,27.56,15,18,0
2026-04-15 14:00:00,30,729.3,27,24.31,17,13,0
2026-04-15 15:00:00,16,309.76,14,19.36,7,9,0
2026-04-15 16:00:00,7,106.54,6,15.22,2,5,0
2026-04-15 17:00:00,10,222.3,9,22.23,4,6,0
2026-04-15 18:00:00,11,188.32,9,17.12,5,6,0
2026-04-15 19:00:00,29,667.0,26,23.0,11,18,1
2026-04-15 20:00:00,22,447.92,19,20.36,12,10,0
2026-04-15 21:00:00,30,639.9,27,21.33,12,18,0
2026-04-15 22:00:00,10,210.0,9,21.0,3,7,0
2026-04-16 11:00:00,7,167.79,6,23.97,2,5,0
2026-04-16 12:00:00,12,290.04,10,24.17,5,7,0
2026-04-16 13:00:00,40,859.6,36,21.49,23,17,0
2026-04-16 14:00:00,14,309.82,12,22.13,6,8,0
2026-04-16 15:00:00,33,742.5,29,22.5,11,22,0
2026-04-16 16:00:00,9,191.61,8,21.29,2,7,0
2026-04-16 17:00:00,7,130.62,6,18.66,2,5,0
2026-04-16 18:00:00,13,295.1,11,22.7,5,8,0
2026-04-16 19:00:00,23,474.95,20,20.65,10,13,0
2026-04-16 20:00:00,19,351.69,17,18.51,7,12,0
2026-04-16 21:00:00,32,712.96,28,22.28,13,19,0
2026-04-16 22:00:00,5,115.15,4,23.03,1,4,0
2026-04-17 11:00:00,22,632.94,19,28.77,8,14,0
2026-04-17 12:00:00,35,830.2,31,23.72,14,21,0
2026-04-17 13:00:00,31,789.26,27,25.46,10,21,0
2026-04-17 14:00:00,41,1020.49,36,24.89,23,18,0
2026-04-17 15:00:00,34,640.56,30,18.84,16,18,0
2026-04-17 16:00:00,28,552.72,25,19.74,15,13,0
2026-04-17 17:00:00,19,416.29,17,21.91,6,13,0
2026-04-17 18:00:00,26,564.2,23,21.7,13,13,0
2026-04-17 19:00:00,28,621.6,25,22.2,16,12,0
2026-04-17 20:00:00,34,648.04,30,19.06,19,15,0
2026-04-17 21:00:00,42,1160.88,37,27.64,22,20,0
2026-04-17 22:00:00,25,622.75,22,24.91,14,11,0
2026-04-18 11:00:00,12,263.88,10,21.99,5,7,0
2026-04-18 12:00:00,50,1103.0,45,22.06,18,32,1
2026-04-18 13:00:00,34,816.68,30,24.02,13,21,0
2026-04-18 14:00:00,46,1058.46,41,23.01,24,22,0
2026-04-18 15:00:00,25,650.0,22,26.0,10,15,0
2026-04-18 16:00:00,27,733.86,24,27.18,8,19,0
2026-04-18 17:00:00,20,380.8,18,19.04,10,10,0
2026-04-18 18:00:00,30,740.1,27,24.67,11,19,1
2026-04-18 19:00:00,36,764.64,32,21.24,11,25,0
2026-04-18 20:00:00,36,905.4,32,25.15,13,23,0
2026-04-18 21:00:00,33,800.91,29,24.27,19,14,0
2026-04-18 22:00:00,32,560.32,28,17.51,16,16,1
2026-04-19 11:00:00,25,429.5,22,17.18,14,11,0
2026-04-19 12:00:00,33,740.85,29,22.45,10,23,0
2026-04-19 13:00:00,30,712.5,27,23.75,13,17,0
2026-04-19 14:00:00,43,1025.55,38,23.85,24,19,1
2026-04-19 15:00:00,24,513.84,21,21.41,7,17,0
2026-04-19 16:00:00,20,442.0,18,22.1,6,14,0
2026-04-19 17:00:00,25,577.25,22,23.09,14,11,0
2026-04-19 18:00:00,26,471.9,23,18.15,12,14,0
2026-04-19 19:00:00,40,928.0,36,23.2,18,22,0
2026-04-19 20:00:00,35,807.1,31,23.06,19,16,0
2026-04-19 21:00:00,37,1028.97,33,27.81,11,26,0
2026-04-19 22:00:00,32,654.08,28,20.44,12,20,1
2026-04-20 11:00:00,5,82.2,4,16.44,1,4,0
2026-04-20 12:00:00,32,894.72,28,27.96,13,19,1
2026-04-20 13:00:00,18,462.6,16,25.7,8,10,0
2026-04-20 14:00:00,18,459.54,16,25.53,8,10,0
2026-04-20 15:00:00,11,243.43,9,22.13,5,6,0
2026-04-20 16:00:00,7,155.96,6,22.28,3,4,0
2026-04-20 17:00:00,14,280.42,12,20.03,5,9,0
2026-04-20 18:00:00,9,203.85,8,22.65,4,5,0
2026-04-20 19:00:00,24,536.64,21,22.36,12,12,0
2026-04-20 20:00:00,18,411.12,16,22.84,8,10,0
2026-04-20 21:00:00,25,584.25,22,23.37,12,13,0
2026-04-20 22:00:00,9,199.98,8,22.22,3,6,0
2026-04-21 11:00:00,5,121.1,4,24.22,1,4,0
2026-04-21 12:00:00,13,270.27,11,20.79,5,8,0
2026-04-21 13:00:00,19,394.82,17,20.78,8,11,0
2026-04-21 14:00:00,15,301.35,13,20.09,7,8,0
2026-04-21 15:00:00,5,133.55,4,26.71,2,3,0
2026-04-21 16:00:00,27,545.4,24,20.2,12,15,0
2026-04-21 17:00:00,29,504.02,26,17.38,13,16,1
2026-04-21 18:00:00,12,265.92,10,22.16,4,8,0
2026-04-21 19:00:00,15,335.55,13,22.37,4,11,0
2026-04-21 20:00:00,28,663.04,25,23.68,10,18,0
2026-04-21 21:00:00,22,405.9,19,18.45,9,13,0
2026-04-21 22:00:00,6,105.48,5,17.58,1,5,0
2026-04-22 11:00:00,10,221.3,9,22.13,4,6,0
2026-04-22 12:00:00,16,393.92,14,24.62,5,11,0
2026-04-22 13:00:00,23,456.32,20,19.84,7,16,1
2026-04-22 14:00:00,20,372.0,18,18.6,9,11,0
2026-04-22 15:00:00,8,160.32,7,20.04,2,6,0
2026-04-22 16:00:00,11,198.33,9,18.03,5,6,0
2026-04-22 17:00:00,5,92.45,4,18.49,2,3,0
2026-04-22 18:00:00,14,342.02,12,24.43,5,9,0
2026-04-22 19:00:00,32,697.6,28,21.8,10,22,0
2026-04-22 20:00:00,40,715.6,36,17.89,22,18,0
2026-04-22 21:00:00,36,770.4,32,21.4,16,20,0
2026-04-22 22:00:00,5,111.7,4,22.34,1,4,0
2026-04-23 11:00:00,34,796.96,30,23.44,18,16,1
2026-04-23 12:00:00,21,506.73,18,24.13,11,10,0
2026-04-23 13:00:00,19,467.4,17,24.6,6,13,0
2026-04-23 14:00:00,10,208.4,9,20.84,4,6,0
2026-04-23 15:00:00,25,407.25,22,16.29,14,11,0
2026-04-23 16:00:00,9,222.93,8,24.77,3,6,0
2026-04-23 17:00:00,27,620.46,24,22.98,10,17,0
2026-04-23 18:00:00,26,551.98,23,21.23,7,19,1
2026-04-23 19:00:00,25,620.75,22,24.83,12,13,0
2026-04-23 20:00:00,21,385.98,18,18.38,9,12,0
2026-04-23 21:00:00,10,198.8,9,19.88,3,7,0
2026-04-23 22:00:00,7,148.61,6,21.23,2,5,0
2026-04-24 11:00:00,37,731.12,33,19.76,14,23,1
2026-04-24 12:00:00,30,807.9,27,26.93,17,13,0
2026-04-24 13:00:00,44,993.52,39,22.58,17,27,1
2026-04-24 14:00:00,42,1018.5,37,24.25,16,26,0
2026-04-24 15:00:00,21,571.62,18,27.22,11,10,0
2026-04-24 16:00:00,25,504.0,22,20.16,9,16,0
2026-04-24 17:00:00,16,316.64,14,19.79,5,11,0
2026-04-24 18:00:00,25,475.5,22,19.02,7,18,0
2026-04-24 19:00:00,30,777.0,27,25.9,9,21,0
2026-04-24 20:00:00,28,492.52,25,17.59,15,13,0
2026-04-24 21:00:00,38,1081.86,34,28.47,21,17,0
2026-04-24 22:00:00,15,335.7,13,22.38,6,9,0
2026-04-25 11:00:00,25,721.0,22,28.84,8,17,0
2026-04-25 12:00:00,40,873.6,36,21.84,18,22,0
2026-04-25 13:00:00,39,639.6,35,16.4,16,23,0
2026-04-25 14:00:00,34,681.36,30,20.04,13,21,0
2026-04-25 15:00:00,25,402.25,22,16.09,13,12,0
2026-04-25 16:00:00,28,652.4,25,23.3,11,17,0
2026-04-25 17:00:00,30,619.5,27,20.65,9,21,0
2026-04-25 18:00:00,28,770.84,25,27.53,12,16,0
2026-04-25 19:00:00,33,592.68,29,17.96,14,19,0
2026-04-25 20:00:00,38,791.16,34,20.82,18,20,0
2026-04-25 21:00:00,59,1144.6,53,19.4,24,35,1
2026-04-25 22:00:00,17,321.13,15,18.89,8,9,0
2026-04-26 11:00:00,26,602.68,23,23.18,11,15,0
2026-04-26 12:00:00,31,887.53,27,28.63,14,17,0
2026-04-26 13:00:00,55,1257.85,49,22.87,29,26,0
2026-04-26 14:00:00,47,931.54,42,19.82,20,27,1
2026-04-26 15:00:00,29,500.25,26,17.25,10,19,0
2026-04-26 16:00:00,19,377.15,17,19.85,10,9,0
2026-04-26 17:00:00,35,634.55,31,18.13,15,20,1
2026-04-26 18:00:00,28,735.84,25,26.28,12,16,1
2026-04-26 19:00:00,41,739.23,36,18.03,23,18,0
2026-04-26 20:00:00,30,653.1,27,21.77,17,13,0
2026-04-26 21:00:00,37,762.2,33,20.6,18,19,0
2026-04-26 22:00:00,22,558.36,19,25.38,11,11,0
2026-04-27 11:00:00,26,547.3,23,21.05,15,11,0
2026-04-27 12:00:00,7,163.59,6,23.37,4,3,0
2026-04-27 13:00:00,22,509.96,19,23.18,9,13,0
2026-04-27 14:00:00,21,474.6,18,22.6,11,10,0
2026-04-27 15:00:00,28,690.48,25,24.66,13,15,0
2026-04-27 16:00:00,12,242.04,10,20.17,5,7,0
2026-04-27 17:00:00,8,146.72,7,18.34,4,4,0
2026-04-27 18:00:00,17,317.39,15,18.67,8,9,1
2026-04-27 19:00:00,24,707.04,21,29.46,13,11,0
2026-04-27 20:00:00,14,299.74,12,21.41,6,8,0
2026-04-27 21:00:00,18,285.12,16,15.84,5,13,0
2026-04-27 22:00:00,16,438.08,14,27.38,8,8,1
2026-04-28 11:00:00,10,214.6,9,21.46,5,5,0
2026-04-28 12:00:00,14,340.06,12,24.29,6,8,0
2026-04-28 13:00:00,17,336.09,15,19.77,7,10,0
2026-04-28 14:00:00,23,492.89,20,21.43,7,16,0
2026-04-28 15:00:00,5,121.1,4,24.22,2,3,0
2026-04-28 16:00:00,10,242.6,9,24.26,5,5,0
2026-04-28 17:00:00,9,268.02,8,29.78,5,4,0
2026-04-28 18:00:00,5,146.45,4,29.29,2,3,0
2026-04-28 19:00:00,16,276.64,14,17.29,5,11,0
2026-04-28 20:00:00,20,507.2,18,25.36,11,9,0
2026-04-28 21:00:00,21,351.54,18,16.74,6,15,0
2026-04-28 22:00:00,5,87.55,4,17.51,1,4,0
2026-04-29 11:00:00,6,107.4,5,17.9,3,3,0
2026-04-29 12:00:00,18,293.4,16,16.3,10,8,0
2026-04-29 13:00:00,28,643.72,25,22.99,14,14,1
2026-04-29 14:00:00,25,562.25,22,22.49,8,17,0
2026-04-29 15:00:00,16,360.0,14,22.5,5,11,0
2026-04-29 16:00:00,5,104.0,4,20.8,2,3,0
2026-04-29 17:00:00,16,353.12,14,22.07,6,10,1
2026-04-29 18:00:00,5,128.7,4,25.74,2,3,0
2026-04-29 19:00:00,23,501.86,20,21.82,12,11,0
2026-04-29 20:00:00,32,874.88,28,27.34,17,15,0
2026-04-29 21:00:00,22,482.68,19,21.94,11,11,0
2026-04-29 22:00:00,8,166.88,7,20.86,4,4,0
2026-04-30 11:00:00,6,118.32,5,19.72,2,4,0
2026-04-30 12:00:00,19,476.9,17,25.1,8,11,0
2026-04-30 13:00:00,19,337.63,17,17.77,8,11,0
2026-04-30 14:00:00,28,529.76,25,18.92,14,14,1
2026-04-30 15:00:00,17,268.94,15,15.82,9,8,0
2026-04-30 16:00:00,9,167.94,8,18.66,4,5,0
2026-04-30 17:00:00,8,174.88,7,21.86,2,6,0
2026-04-30 18:00:00,14,287.98,12,20.57,6,8,0
2026-04-30 19:00:00,19,269.8,17,14.2,5,14,0
2026-04-30 20:00:00,26,669.5,23,25.75,14,12,0
2026-04-30 21:00:00,30,573.3,27,19.11,15,15,0
2026-04-30 22:00:00,20,418.0,18,20.9,9,11,0
2026-05-01 11:00:00,32,777.92,28,24.31,15,17,0
2026-05-01 12:00:00,32,886.72,28,27.71,11,21,0
2026-05-01 13:00:00,55,1434.95,49,26.09,32,23,1
2026-05-01 14:00:00,28,577.92,25,20.64,8,20,0
2026-05-01 15:00:00,28,496.16,25,17.72,14,14,0
2026-05-01 16:00:00,24,602.4,21,25.1,9,15,0
2026-05-01 17:00:00,24,540.0,21,22.5,7,17,0
2026-05-01 18:00:00,24,596.16,21,24.84,13,11,1
2026-05-01 19:00:00,36,774.36,32,21.51,19,17,0
2026-05-01 20:00:00,42,931.98,37,22.19,14,28,0
2026-05-01 21:00:00,34,896.24,30,26.36,10,24,0
2026-05-01 22:00:00,27,506.52,24,18.76,8,19,0
2026-05-02 11:00:00,20,395.6,18,19.78,6,14,0
2026-05-02 12:00:00,39,960.57,35,24.63,17,22,0
2026-05-02 13:00:00,35,668.85,31,19.11,13,22,0
2026-05-02 14:00:00,33,857.67,29,25.99,11,22,0
2026-05-02 15:00:00,24,511.68,21,21.32,8,16,0
2026-05-02 16:00:00,21,527.31,18,25.11,6,15,0
2026-05-02 17:00:00,20,483.2,18,24.16,7,13,0
2026-05-02 18:00:00,22,517.66,19,23.53,7,15,0
2026-05-02 19:00:00,36,781.56,32,21.71,19,17,0
2026-05-02 20:00:00,33,760.65,29,23.05,18,15,0
2026-05-02 21:00:00,36,724.68,32,20.13,17,19,0
2026-05-02 22:00:00,40,988.0,36,24.7,14,26,1
2026-05-03 11:00:00,30,584.7,27,19.49,11,19,1
2026-05-03 12:00:00,25,609.25,22,24.37,13,12,0
2026-05-03 13:00:00,33,723.69,29,21.93,14,19,0
2026-05-03 14:00:00,40,877.6,36,21.94,19,21,1
2026-05-03 15:00:00,26,469.04,23,18.04,14,12,0
2026-05-03 16:00:00,26,588.64,23,22.64,15,11,0
2026-05-03 17:00:00,31,712.69,27,22.99,15,16,0
2026-05-03 18:00:00,20,386.2,18,19.31,7,13,0
2026-05-03 19:00:00,36,754.56,32,20.96,18,18,0
2026-05-03 20:00:00,38,681.34,34,17.93,20,18,0
2026-05-03 21:00:00,39,877.5,35,22.5,21,18,0
2026-05-03 22:00:00,32,691.84,28,21.62,10,22,0
2026-05-04 11:00:00,5,94.65,4,18.93,1,4,0
2026-05-04 12:00:00,21,385.77,18,18.37,7,14,0
2026-05-04 13:00:00,30,645.0,27,21.5,10,20,0
2026-05-04 14:00:00,27,463.32,24,17.16,10,17,0
2026-05-04 15:00:00,5,99.0,4,19.8,1,4,0
2026-05-04 16:00:00,9,200.88,8,22.32,4,5,0
2026-05-04 17:00:00,7,161.98,6,23.14,3,4,0
2026-05-04 18:00:00,8,147.6,7,18.45,2,6,0
2026-05-04 19:00:00,26,382.2,23,14.7,8,18,0
2026-05-04 20:00:00,21,464.73,18,22.13,6,15,0
2026-05-04 21:00:00,20,503.8,18,25.19,8,12,0
2026-05-04 22:00:00,5,93.55,4,18.71,2,3,0
2026-05-05 11:00:00,15,357.3,13,23.82,5,10,0
2026-05-05 12:00:00,27,576.99,24,21.37,10,17,0
2026-05-05 13:00:00,18,446.94,16,24.83,5,13,0
2026-05-05 14:00:00,26,480.74,23,18.49,15,11,0
2026-05-05 15:00:00,20,412.4,18,20.62,6,14,0
2026-05-05 16:00:00,11,261.36,9,23.76,3,8,0
2026-05-05 17:00:00,15,364.05,13,24.27,8,7,0
2026-05-05 18:00:00,10,242.4,9,24.24,5,5,0
2026-05-05 19:00:00,18,366.48,16,20.36,9,9,0
2026-05-05 20:00:00,20,514.8,18,25.74,8,12,0
2026-05-05 21:00:00,22,455.4,19,20.7,7,15,0
2026-05-05 22:00:00,9,225.0,8,25.0,4,5,0
2026-05-06 11:00:00,11,247.28,9,22.48,4,7,0
2026-05-06 12:00:00,20,372.6,18,18.63,7,13,0
2026-05-06 13:00:00,21,533.19,18,25.39,11,10,1
2026-05-06 14:00:00,30,678.9,27,22.63,10,20,1
2026-05-06 15:00:00,7,185.57,6,26.51,3,4,0
2026-05-06 16:00:00,5,106.0,4,21.2,1,4,0
2026-05-06 17:00:00,15,218.55,13,14.57,8,7,0
2026-05-06 18:00:00,7,158.76,6,22.68,2,5,0
2026-05-06 19:00:00,13,252.46,11,19.42,6,7,0
2026-05-06 20:00:00,10,223.0,9,22.3,4,6,0
2026-05-06 21:00:00,20,453.4,18,22.67,7,13,0
2026-05-06 22:00:00,8,171.68,7,21.46,4,4,0
2026-05-07 11:00:00,6,125.52,5,20.92,1,5,0
2026-05-07 12:00:00,23,531.99,20,23.13,9,14,1
2026-05-07 13:00:00,24,517.44,21,21.56,10,14,0
2026-05-07 14:00:00,19,423.89,17,22.31,6,13,0
2026-05-07 15:00:00,17,370.6,15,21.8,9,8,0
2026-05-07 16:00:00,10,297.0,9,29.7,5,5,0
2026-05-07 17:00:00,8,184.48,7,23.06,4,4,0
2026-05-07 18:00:00,11,230.78,9,20.98,4,7,0
2026-05-07 19:00:00,19,338.96,17,17.84,7,12,0
2026-05-07 20:00:00,16,309.76,14,19.36,8,8,0
2026-05-07 21:00:00,22,383.24,19,17.42,11,11,0
2026-05-07 22:00:00,13,188.5,11,14.5,4,9,0
2026-05-08 11:00:00,56,1058.4,50,18.9,18,38,1
2026-05-08 12:00:00,29,618.28,26,21.32,10,19,0
2026-05-08 13:00:00,42,792.54,37,18.87,20,22,0
2026-05-08 14:00:00,34,871.08,30,25.62,18,16,0
2026-05-08 15:00:00,22,518.98,19,23.59,9,13,0
2026-05-08 16:00:00,30,604.8,27,20.16,10,20,0
2026-05-08 17:00:00,22,414.26,19,18.83,12,10,0
2026-05-08 18:00:00,31,843.82,27,27.22,10,21,0
2026-05-08 19:00:00,28,638.12,25,22.79,15,13,0
2026-05-08 20:00:00,31,630.85,27,20.35,13,18,0
2026-05-08 21:00:00,37,819.92,33,22.16,15,22,0
2026-05-08 22:00:00,27,731.97,24,27.11,15,12,0
2026-05-09 11:00:00,26,620.62,23,23.87,13,13,0
2026-05-09 12:00:00,40,796.4,36,19.91,15,25,0
2026-05-09 13:00:00,36,730.08,32,20.28,11,25,0
2026-05-09 14:00:00,28,649.88,25,23.21,12,16,0
2026-05-09 15:00:00,19,341.24,17,17.96,6,13,0
2026-05-09 16:00:00,25,537.0,22,21.48,10,15,0
2026-05-09 17:00:00,31,576.29,27,18.59,16,15,0
2026-05-09 18:00:00,26,510.38,23,19.63,9,17,0
2026-05-09 19:00:00,37,597.18,33,16.14,16,21,1
2026-05-09 20:00:00,29,538.53,26,18.57,9,20,0
2026-05-09 21:00:00,25,614.75,22,24.59,12,13,0
2026-05-09 22:00:00,30,381.3,27,12.71,14,16,0
2026-05-10 11:00:00,21,434.7,18,20.7,7,14,0
2026-05-10 12:00:00,33,825.0,29,25.0,11,22,0
2026-05-10 13:00:00,60,1374.6,54,22.91,18,42,0
2026-05-10 14:00:00,36,736.56,32,20.46,11,25,0
2026-05-10 15:00:00,15,317.4,13,21.16,8,7,0
2026-05-10 16:00:00,28,561.12,25,20.04,8,20,0
2026-05-10 17:00:00,23,558.9,20,24.3,10,13,0
2026-05-10 18:00:00,32,680.64,28,21.27,12,20,1
2026-05-10 19:00:00,38,613.32,34,16.14,16,22,0
2026-05-10 20:00:00,29,799.53,26,27.57,9,20,0
2026-05-10 21:00:00,38,941.26,34,24.77,17,21,0
2026-05-10 22:00:00,26,603.46,23,23.21,14,12,0
2026-05-11 11:00:00,6,170.04,5,28.34,3,3,0
2026-05-11 12:00:00,38,945.06,34,24.87,12,26,0
2026-05-11 13:00:00,27,541.08,24,20.04,12,15,1
2026-05-11 14:00:00,19,434.15,17,22.85,8,11,0
2026-05-11 15:00:00,16,488.96,14,30.56,4,12,0
2026-05-11 16:00:00,12,287.64,10,23.97,6,6,1
2026-05-11 17:00:00,10,166.9,9,16.69,3,7,0
2026-05-11 18:00:00,17,353.77,15,20.81,5,12,0
2026-05-11 19:00:00,27,718.2,24,26.6,16,11,1
2026-05-11 20:00:00,29,739.21,26,25.49,15,14,1
2026-05-11 21:00:00,18,423.18,16,23.51,10,8,0
2026-05-11 22:00:00,9,176.31,8,19.59,4,5,0
2026-05-12 11:00:00,32,777.92,28,24.31,11,21,0
2026-05-12 12:00:00,17,275.23,15,16.19,7,10,0
2026-05-12 13:00:00,14,286.02,12,20.43,5,9,0
2026-05-12 14:00:00,27,589.68,24,21.84,12,15,0
2026-05-12 15:00:00,17,426.02,15,25.06,8,9,0
2026-05-12 16:00:00,7,158.2,6,22.6,3,4,0
2026-05-12 17:00:00,13,256.49,11,19.73,3,10,0
2026-05-12 18:00:00,13,308.62,11,23.74,3,10,0
2026-05-12 19:00:00,15,351.6,13,23.44,7,8,0
2026-05-12 20:00:00,29,522.0,26,18.0,14,15,1
2026-05-12 21:00:00,17,345.44,15,20.32,6,11,0
2026-05-12 22:00:00,18,335.52,16,18.64,7,11,0
2026-05-13 11:00:00,6,138.9,5,23.15,1,5,0
2026-05-13 12:00:00,20,428.2,18,21.41,9,11,0
2026-05-13 13:00:00,18,446.58,16,24.81,7,11,0
2026-05-13 14:00:00,16,301.28,14,18.83,9,7,0
2026-05-13 15:00:00,5,102.9,4,20.58,1,4,0
2026-05-13 16:00:00,5,105.3,4,21.06,2,3,0
2026-05-13 17:00:00,5,105.1,4,21.02,2,3,0
2026-05-13 18:00:00,21,459.27,18,21.87,8,13,1
2026-05-13 19:00:00,23,583.51,20,25.37,12,11,0
2026-05-13 20:00:00,31,680.14,27,21.94,16,15,1
2026-05-13 21:00:00,19,435.67,17,22.93,9,10,0
2026-05-13 22:00:00,14,309.82,12,22.13,7,7,0
2026-05-14 11:00:00,5,126.05,4,25.21,1,4,0
2026-05-14 12:00:00,11,265.54,9,24.14,3,8,0
2026-05-14 13:00:00,21,488.46,18,23.26,10,11,0
2026-05-14 14:00:00,20,578.8,18,28.94,9,11,0
2026-05-14 15:00:00,6,130.02,5,21.67,3,3,0
2026-05-14 16:00:00,16,373.6,14,23.35,6,10,0
2026-05-14 17:00:00,12,309.24,10,25.77,4,8,0
2026-05-14 18:00:00,16,388.48,14,24.28,7,9,0
2026-05-14 19:00:00,49,1143.17,44,23.33,16,33,0
2026-05-14 20:00:00,23,574.08,20,24.96,7,16,0
2026-05-14 21:00:00,24,464.16,21,19.34,10,14,0
2026-05-14 22:00:00,5,92.75,4,18.55,2,3,0
2026-05-15 11:00:00,22,551.54,19,25.07,9,13,0
2026-05-15 12:00:00,50,1064.5,45,21.29,29,21,0
2026-05-15 13:00:00,34,617.78,30,18.17,20,14,0
2026-05-15 14:00:00,29,594.5,26,20.5,9,20,0
2026-05-15 15:00:00,21,511.35,18,24.35,6,15,0
2026-05-15 16:00:00,18,337.32,16,18.74,10,8,0
2026-05-15 17:00:00,24,511.92,21,21.33,14,10,0
2026-05-15 18:00:00,33,825.99,29,25.03,15,18,1
2026-05-15 19:00:00,33,729.63,29,22.11,13,20,0
2026-05-15 20:00:00,42,911.4,37,21.7,23,19,1
2026-05-15 21:00:00,39,813.54,35,20.86,20,19,0
2026-05-15 22:00:00,25,522.5,22,20.9,10,15,0
2026-05-16 11:00:00,15,298.2,13,19.88,6,9,0
2026-05-16 12:00:00,32,706.56,28,22.08,14,18,0
2026-05-16 13:00:00,37,792.91,33,21.43,18,19,0
2026-05-16 14:00:00,53,1206.81,47,22.77,19,34,0
2026-05-16 15:00:00,24,435.12,21,18.13,10,14,0
2026-05-16 16:00:00,52,1092.52,46,21.01,30,22,0
2026-05-16 17:00:00,24,422.16,21,17.59,9,15,0
2026-05-16 18:00:00,30,618.6,27,20.62,13,17,0
2026-05-16 19:00:00,42,915.6,37,21.8,14,28,0
2026-05-16 20:00:00,37,772.56,33,20.88,14,23,0
2026-05-16 21:00:00,28,647.92,25,23.14,10,18,0
2026-05-16 22:00:00,26,402.48,23,15.48,12,14,0
2026-05-17 11:00:00,18,452.88,16,25.16,6,12,0
2026-05-17 12:00:00,32,766.72,28,23.96,13,19,0
2026-05-17 13:00:00,45,1048.5,40,23.3,14,31,0
2026-05-17 14:00:00,32,634.88,28,19.84,17,15,0
2026-05-17 15:00:00,46,1063.98,41,23.13,19,27,0
2026-05-17 16:00:00,25,602.25,22,24.09,13,12,0
2026-05-17 17:00:00,19,421.99,17,22.21,6,13,0
2026-05-17 18:00:00,24,486.0,21,20.25,10,14,0
2026-05-17 19:00:00,36,659.16,32,18.31,11,25,0
2026-05-17 20:00:00,31,945.5,27,30.5,17,14,0
2026-05-17 21:00:00,33,704.88,29,21.36,12,21,0
2026-05-17 22:00:00,27,635.31,24,23.53,13,14,0
2026-05-18 11:00:00,5,133.05,4,26.61,2,3,0
2026-05-18 12:00:00,21,580.23,18,27.63,11,10,0
2026-05-18 13:00:00,26,528.32,23,20.32,11,15,0
2026-05-18 14:00:00,13,229.45,11,17.65,7,6,0
2026-05-18 15:00:00,5,113.0,4,22.6,1,4,0
2026-05-18 16:00:00,6,142.32,5,23.72,3,3,0
2026-05-18 17:00:00,7,136.85,6,19.55,2,5,0
2026-05-18 18:00:00,12,342.6,10,28.55,6,6,0
2026-05-18 19:00:00,26,612.82,23,23.57,10,16,0
2026-05-18 20:00:00,25,581.0,22,23.24,11,14,0
2026-05-18 21:00:00,9,217.26,8,24.14,4,5,0
2026-05-18 22:00:00,12,297.24,10,24.77,6,6,0
2026-05-19 11:00:00,5,126.35,4,25.27,2,3,0
2026-05-19 12:00:00,14,313.32,12,22.38,6,8,0
2026-05-19 13:00:00,19,277.59,17,14.61,10,9,0
2026-05-19 14:00:00,17,398.14,15,23.42,5,12,0
2026-05-19 15:00:00,7,183.96,6,26.28,3,4,0
2026-05-19 16:00:00,11,232.87,9,21.17,3,8,0
2026-05-19 17:00:00,15,310.8,13,20.72,5,10,0
2026-05-19 18:00:00,5,118.35,4,23.67,1,4,0
2026-05-19 19:00:00,13,266.76,11,20.52,6,7,0
2026-05-19 20:00:00,20,422.8,18,21.14,9,11,0
2026-05-19 21:00:00,35,814.45,31,23.27,15,20,0
2026-05-19 22:00:00,9,181.44,8,20.16,2,7,0
2026-05-20 11:00:00,11,178.97,9,16.27,3,8,0
2026-05-20 12:00:00,25,431.75,22,17.27,8,17,0
2026-05-20 13:00:00,21,450.45,18,21.45,11,10,0
2026-05-20 14:00:00,23,508.53,20,22.11,13,10,0
2026-05-20 15:00:00,12,334.56,10,27.88,3,9,0
2026-05-20 16:00:00,24,506.88,21,21.12,11,13,1
2026-05-20 17:00:00,5,107.3,4,21.46,2,3,0
2026-05-20 18:00:00,5,111.85,4,22.37,2,3,0
2026-05-20 19:00:00,20,355.4,18,17.77,9,11,0
2026-05-20 20:00:00,20,533.4,18,26.67,9,11,0
2026-05-20 21:00:00,20,416.2,18,20.81,11,9,0
2026-05-20 22:00:00,23,494.96,20,21.52,9,14,1
2026-05-21 11:00:00,9,227.61,8,25.29,4,5,0
2026-05-21 12:00:00,15,370.65,13,24.71,4,11,0
2026-05-21 13:00:00,12,339.72,10,28.31,6,6,0
2026-05-21 14:00:00,15,333.6,13,22.24,8,7,0
2026-05-21 15:00:00,16,283.2,14,17.7,8,8,0
2026-05-21 16:00:00,7,171.08,6,24.44,2,5,0
2026-05-21 17:00:00,5,117.25,4,23.45,2,3,0
2026-05-21 18:00:00,11,118.03,9,10.73,4,7,0
2026-05-21 19:00:00,10,160.4,9,16.04,4,6,0
2026-05-21 20:00:00,19,433.96,17,22.84,5,14,1
2026-05-21 21:00:00,16,279.04,14,17.44,5,11,0
2026-05-21 22:00:00,14,368.9,12,26.35,7,7,0
2026-05-22 11:00:00,31,689.75,27,22.25,13,18,0
2026-05-22 12:00:00,25,433.5,22,17.34,13,12,0
2026-05-22 13:00:00,29,579.13,26,19.97,11,18,0
2026-05-22 14:00:00,41,945.87,36,23.07,21,20,0
2026-05-22 15:00:00,25,560.0,22,22.4,10,15,0
2026-05-22 16:00:00,29,711.37,26,24.53,10,19,0
2026-05-22 17:00:00,25,635.25,22,25.41,12,13,0
2026-05-22 18:00:00,22,535.48,19,24.34,10,12,0
2026-05-22 19:00:00,60,1483.2,54,24.72,18,42,0
2026-05-22 20:00:00,30,639.6,27,21.32,12,18,0
2026-05-22 21:00:00,25,451.0,22,18.04,13,12,0
2026-05-22 22:00:00,23,510.37,20,22.19,13,10,0
2026-05-23 11:00:00,26,467.74,23,17.99,11,15,0
2026-05-23 12:00:00,34,845.92,30,24.88,10,24,0
2026-05-23 13:00:00,56,1321.6,50,23.6,24,32,0
2026-05-23 14:00:00,45,887.85,40,19.73,15,30,1
2026-05-23 15:00:00,29,618.28,26,21.32,10,19,1
2026-05-23 16:00:00,38,733.02,34,19.29,20,18,1
2026-05-23 17:00:00,22,484.44,19,22.02,7,15,0
2026-05-23 18:00:00,33,756.36,29,22.92,15,18,0
2026-05-23 19:00:00,36,751.68,32,20.88,14,22,0
2026-05-23 20:00:00,43,958.04,38,22.28,24,19,0
2026-05-23 21:00:00,40,1248.0,36,31.2,15,25,0
2026-05-23 22:00:00,19,411.16,17,21.64,8,11,0
2026-05-24 11:00:00,39,872.04,35,22.36,15,24,0
2026-05-24 12:00:00,42,1056.3,37,25.15,22,20,1
2026-05-24 13:00:00,33,701.25,29,21.25,13,20,0
2026-05-24 14:00:00,26,405.86,23,15.61,10,16,0
2026-05-24 15:00:00,27,553.5,24,20.5,10,17,0
2026-05-24 16:00:00,27,620.73,24,22.99,14,13,0
2026-05-24 17:00:00,25,366.5,22,14.66,13,12,0
2026-05-24 18:00:00,23,447.81,20,19.47,12,11,0
2026-05-24 19:00:00,30,503.4,27,16.78,14,16,0
2026-05-24 20:00:00,27,591.03,24,21.89,9,18,0
2026-05-24 21:00:00,53,1516.33,47,28.61,19,34,1
2026-05-24 22:00:00,20,492.6,18,24.63,8,12,0
2026-05-25 11:00:00,36,722.52,32,20.07,15,21,0
2026-05-25 12:00:00,23,585.12,20,25.44,12,11,0
2026-05-25 13:00:00,12,280.2,10,23.35,5,7,0
2026-05-25 14:00:00,14,328.72,12,23.48,4,10,0
2026-05-25 15:00:00,9,152.91,8,16.99,4,5,0
2026-05-25 16:00:00,6,117.06,5,19.51,2,4,0
2026-05-25 17:00:00,12,260.64,10,21.72,6,6,0
2026-05-25 18:00:00,5,119.2,4,23.84,2,3,0
2026-05-25 19:00:00,18,406.8,16,22.6,10,8,0
2026-05-25 20:00:00,19,540.93,17,28.47,7,12,0
2026-05-25 21:00:00,20,484.2,18,24.21,10,10,0
2026-05-25 22:00:00,32,696.0,28,21.75,13,19,0
2026-05-26 11:00:00,16,394.56,14,24.66,7,9,0
2026-05-26 12:00:00,9,177.39,8,19.71,4,5,0
2026-05-26 13:00:00,19,420.66,17,22.14,10,9,0
2026-05-26 14:00:00,16,372.16,14,23.26,8,8,0
2026-05-26 15:00:00,8,175.04,7,21.88,2,6,0
2026-05-26 16:00:00,18,383.22,16,21.29,9,9,1
2026-05-26 17:00:00,12,275.88,10,22.99,7,5,1
2026-05-26 18:00:00,12,216.12,10,18.01,3,9,0
2026-05-26 19:00:00,17,375.53,15,22.09,6,11,0
2026-05-26 20:00:00,38,720.1,34,18.95,16,22,1
2026-05-26 21:00:00,18,369.54,16,20.53,5,13,0
2026-05-26 22:00:00,11,208.12,9,18.92,4,7,0
2026-05-27 11:00:00,6,170.16,5,28.36,2,4,0
2026-05-27 12:00:00,10,217.4,9,21.74,4,6,0
2026-05-27 13:00:00,19,391.97,17,20.63,6,13,0
2026-05-27 14:00:00,25,563.25,22,22.53,14,11,0
2026-05-27 15:00:00,28,474.32,25,16.94,9,19,1
2026-05-27 16:00:00,12,273.0,10,22.75,3,9,0
2026-05-27 17:00:00,12,299.16,10,24.93,6,6,0
2026-05-27 18:00:00,26,724.36,23,27.86,8,18,1
2026-05-27 19:00:00,13,302.9,11,23.3,4,9,0
2026-05-27 20:00:00,23,499.1,20,21.7,9,14,0
2026-05-27 21:00:00,15,288.3,13,19.22,8,7,0
2026-05-27 22:00:00,18,358.38,16,19.91,10,8,0
2026-05-28 11:00:00,11,220.66,9,20.06,6,5,0
2026-05-28 12:00:00,20,351.2,18,17.56,10,10,0
2026-05-28 13:00:00,12,286.08,10,23.84,4,8,0
2026-05-28 14:00:00,7,184.73,6,26.39,3,4,0
2026-05-28 15:00:00,11,198.66,9,18.06,5,6,0
2026-05-28 16:00:00,11,226.82,9,20.62,4,7,0
2026-05-28 17:00:00,5,128.0,4,25.6,1,4,0
2026-05-28 18:00:00,12,241.8,10,20.15,5,7,0
2026-05-28 19:00:00,26,712.66,23,27.41,11,15,1
2026-05-28 20:00:00,21,464.52,18,22.12,6,15,0
2026-05-28 21:00:00,13,254.02,11,19.54,5,8,0
2026-05-28 22:00:00,20,480.2,18,24.01,9,11,0
2026-05-29 11:00:00,24,427.92,21,17.83,10,14,0
2026-05-29 12:00:00,32,740.16,28,23.13,10,22,0
2026-05-29 13:00:00,40,893.6,36,22.34,12,28,0
2026-05-29 14:00:00,40,894.8,36,22.37,13,27,0
2026-05-29 15:00:00,30,636.3,27,21.21,17,13,0
2026-05-29 16:00:00,30,617.7,27,20.59,17,13,0
2026-05-29 17:00:00,28,633.36,25,22.62,12,16,0
2026-05-29 18:00:00,14,276.78,12,19.77,6,8,0
2026-05-29 19:00:00,19,565.44,17,29.76,11,8,0
2026-05-29 20:00:00,37,756.28,33,20.44,13,24,0
2026-05-29 21:00:00,27,600.48,24,22.24,14,13,0
2026-05-29 22:00:00,27,551.07,24,20.41,13,14,0
2026-05-30 11:00:00,46,1178.98,41,25.63,20,26,0
2026-05-30 12:00:00,30,608.4,27,20.28,14,16,0
2026-05-30 13:00:00,26,670.8,23,25.8,13,13,0
2026-05-30 14:00:00,22,458.48,19,20.84,10,12,0
2026-05-30 15:00:00,53,793.41,47,14.97,27,26,0
2026-05-30 16:00:00,26,617.76,23,23.76,15,11,0
2026-05-30 17:00:00,27,664.47,24,24.61,13,14,0
2026-05-30 18:00:00,26,583.7,23,22.45,9,17,0
2026-05-30 19:00:00,27,584.28,24,21.64,11,16,0
2026-05-30 20:00:00,35,694.75,31,19.85,20,15,0
2026-05-30 21:00:00,30,705.0,27,23.5,9,21,0
2026-05-30 22:00:00,28,549.92,25,19.64,13,15,0
2026-05-31 11:00:00,23,529.92,20,23.04,10,13,0
2026-05-31 12:00:00,31,680.14,27,21.94,18,13,0
2026-05-31 13:00:00,36,996.84,32,27.69,19,17,0
2026-05-31 14:00:00,43,722.83,38,16.81,13,30,1
2026-05-31 15:00:00,17,338.13,15,19.89,5,12,0
2026-05-31 16:00:00,23,584.66,20,25.42,10,13,0
2026-05-31 17:00:00,33,708.84,29,21.48,18,15,0
2026-05-31 18:00:00,27,708.75,24,26.25,15,12,0
2026-05-31 19:00:00,38,797.62,34,20.99,11,27,0
2026-05-31 20:00:00,34,746.98,30,21.97,14,20,0
2026-05-31 21:00:00,42,1054.62,37,25.11,18,24,0
2026-05-31 22:00:00,39,909.87,35,23.33,20,19,1
2026-06-01 11:00:00,8,172.0,7,21.5,3,5,0
2026-06-01 12:00:00,24,577.92,21,24.08,9,15,1
2026-06-01 13:00:00,17,417.52,15,24.56,9,8,0
2026-06-01 14:00:00,10,189.1,9,18.91,5,5,0
2026-06-01 15:00:00,14,371.0,12,26.5,4,10,0
2026-06-01 16:00:00,14,270.2,12,19.3,5,9,0
2026-06-01 17:00:00,15,292.5,13,19.5,7,8,0
2026-06-01 18:00:00,15,280.2,13,18.68,7,8,0
2026-06-01 19:00:00,17,246.84,15,14.52,6,11,0
2026-06-01 20:00:00,12,288.6,10,24.05,6,6,0
2026-06-01 21:00:00,30,765.9,27,25.53,9,21,0
2026-06-01 22:00:00,14,245.14,12,17.51,8,6,0
2026-06-02 11:00:00,7,189.84,6,27.12,2,5,0
2026-06-02 12:00:00,20,366.2,18,18.31,9,11,0
2026-06-02 13:00:00,17,267.92,15,15.76,6,11,0
2026-06-02 14:00:00,24,387.36,21,16.14,8,16,0
2026-06-02 15:00:00,5,110.05,4,22.01,2,3,0
2026-06-02 16:00:00,5,112.75,4,22.55,2,3,0
2026-06-02 17:00:00,34,693.26,30,20.39,16,18,0
2026-06-02 18:00:00,34,823.14,30,24.21,18,16,0
2026-06-02 19:00:00,32,831.36,28,25.98,10,22,1
2026-06-02 20:00:00,21,439.53,18,20.93,9,12,0
2026-06-02 21:00:00,22,404.58,19,18.39,7,15,0
2026-06-02 22:00:00,14,348.46,12,24.89,7,7,0
2026-06-03 11:00:00,8,161.52,7,20.19,4,4,0
2026-06-03 12:00:00,21,377.16,18,17.96,8,13,0
2026-06-03 13:00:00,18,464.4,16,25.8,5,13,0
2026-06-03 14:00:00,24,630.48,21,26.27,13,11,1
2026-06-03 15:00:00,12,285.24,10,23.77,4,8,0
2026-06-03 16:00:00,7,135.38,6,19.34,3,4,0
2026-06-03 17:00:00,8,218.16,7,27.27,2,6,0
2026-06-03 18:00:00,16,245.12,14,15.32,7,9,1
2026-06-03 19:00:00,30,767.1,27,25.57,10,20,1
2026-06-03 20:00:00,21,577.92,18,27.52,9,12,0
2026-06-03 21:00:00,33,751.08,29,22.76,10,23,1
2026-06-03 22:00:00,8,188.8,7,23.6,3,5,0
2026-06-04 11:00:00,5,136.35,4,27.27,1,4,0
2026-06-04 12:00:00,34,835.04,30,24.56,17,17,1
2026-06-04 13:00:00,19,497.04,17,26.16,7,12,0
2026-06-04 14:00:00,19,387.98,17,20.42,10,9,0
2026-06-04 15:00:00,10,246.9,9,24.69,3,7,0
2026-06-04 16:00:00,6,116.58,5,19.43,2,4,0
2026-06-04 17:00:00,5,103.1,4,20.62,2,3,0
2026-06-04 18:00:00,15,338.4,13,22.56,5,10,0
2026-06-04 19:00:00,14,408.94,12,29.21,6,8,0
2026-06-04 20:00:00,13,268.45,11,20.65,6,7,0
2026-06-04 21:00:00,15,299.85,13,19.99,6,9,0
2026-06-04 22:00:00,10,213.6,9,21.36,4,6,0
2026-06-05 11:00:00,21,482.58,18,22.98,8,13,0
2026-06-05 12:00:00,37,888.0,33,24.0,13,24,0
2026-06-05 13:00:00,35,815.5,31,23.3,18,17,0
2026-06-05 14:00:00,38,761.52,34,20.04,19,19,0
2026-06-05 15:00:00,35,949.9,31,27.14,18,17,0
2026-06-05 16:00:00,29,607.55,26,20.95,11,18,0
2026-06-05 17:00:00,15,252.9,13,16.86,8,7,0
2026-06-05 18:00:00,23,624.68,20,27.16,9,14,0
2026-06-05 19:00:00,34,652.12,30,19.18,14,20,0
2026-06-05 20:00:00,30,812.4,27,27.08,9,21,0
2026-06-05 21:00:00,33,886.38,29,26.86,14,19,0
2026-06-05 22:00:00,20,389.8,18,19.49,11,9,0
2026-06-06 11:00:00,22,517.44,19,23.52,7,15,0
2026-06-06 12:00:00,48,951.36,43,19.82,17,31,1
2026-06-06 13:00:00,31,547.15,27,17.65,18,13,0
2026-06-06 14:00:00,27,519.48,24,19.24,8,19,0
2026-06-06 15:00:00,32,614.4,28,19.2,17,15,0
2026-06-06 16:00:00,25,522.75,22,20.91,7,18,0
2026-06-06 17:00:00,19,452.96,17,23.84,10,9,0
2026-06-06 18:00:00,22,545.82,19,24.81,10,12,0
2026-06-06 19:00:00,39,794.43,35,20.37,11,28,0
2026-06-06 20:00:00,48,1168.32,43,24.34,25,23,1
2026-06-06 21:00:00,33,683.43,29,20.71,18,15,0
2026-06-06 22:00:00,46,1283.4,41,27.9,14,32,0
2026-06-07 11:00:00,30,666.0,27,22.2,15,15,0
2026-06-07 12:00:00,25,547.25,22,21.89,8,17,0
2026-06-07 13:00:00,25,430.75,22,17.23,7,18,0
2026-06-07 14:00:00,30,668.4,27,22.28,17,13,0
2026-06-07 15:00:00,31,801.97,27,25.87,16,15,1
2026-06-07 16:00:00,24,480.96,21,20.04,12,12,0
2026-06-07 17:00:00,28,552.16,25,19.72,14,14,0
2026-06-07 18:00:00,25,373.0,22,14.92,10,15,0
2026-06-07 19:00:00,31,794.84,27,25.64,13,18,0
2026-06-07 20:00:00,37,839.53,33,22.69,18,19,0
2026-06-07 21:00:00,38,975.46,34,25.67,12,26,0
2026-06-07 22:00:00,34,692.58,30,20.37,18,16,1
2026-06-08 11:00:00,13,277.42,11,21.34,7,6,0
2026-06-08 12:00:00,17,356.49,15,20.97,5,12,0
2026-06-08 13:00:00,22,365.86,19,16.63,7,15,0
2026-06-08 14:00:00,22,409.64,19,18.62,10,12,0
2026-06-08 15:00:00,6,107.7,5,17.95,1,5,0
2026-06-08 16:00:00,13,295.1,11,22.7,6,7,0
2026-06-08 17:00:00,14,342.86,12,24.49,5,9,1
2026-06-08 18:00:00,5,103.95,4,20.79,2,3,0
2026-06-08 19:00:00,12,257.04,10,21.42,6,6,0
2026-06-08 20:00:00,17,311.95,15,18.35,9,8,0
2026-06-08 21:00:00,19,357.58,17,18.82,7,12,0
2026-06-08 22:00:00,5,85.85,4,17.17,1,4,0
2026-06-09 11:00:00,7,147.98,6,21.14,2,5,0
2026-06-09 12:00:00,15,394.5,13,26.3,7,8,0
2026-06-09 13:00:00,21,486.57,18,23.17,9,12,0
2026-06-09 14:00:00,25,471.0,22,18.84,11,14,1
2026-06-09 15:00:00,10,210.9,9,21.09,3,7,0
2026-06-09 16:00:00,31,652.55,27,21.05,14,17,0
2026-06-09 17:00:00,13,285.74,11,21.98,7,6,0
2026-06-09 18:00:00,9,210.78,8,23.42,3,6,0
2026-06-09 19:00:00,35,837.2,31,23.92,18,17,1
2026-06-09 20:00:00,13,277.42,11,21.34,6,7,0
2026-06-09 21:00:00,19,434.15,17,22.85,7,12,0
2026-06-09 22:00:00,7,153.23,6,21.89,3,4,0
2026-06-10 11:00:00,20,453.8,18,22.69,7,13,1
2026-06-10 12:00:00,13,240.5,11,18.5,4,9,0
2026-06-10 13:00:00,8,222.72,7,27.84,4,4,0
2026-06-10 14:00:00,10,220.9,9,22.09,3,7,0
2026-06-10 15:00:00,13,246.74,11,18.98,5,8,0
2026-06-10 16:00:00,13,286.0,11,22.0,6,7,0
2026-06-10 17:00:00,18,345.96,16,19.22,10,8,0
2026-06-10 18:00:00,18,368.28,16,20.46,6,12,1
2026-06-10 19:00:00,16,323.52,14,20.22,5,11,0
2026-06-10 20:00:00,18,372.78,16,20.71,6,12,0
2026-06-10 21:00:00,23,552.46,20,24.02,7,16,0
2026-06-10 22:00:00,5,101.1,4,20.22,2,3,0
2026-06-11 11:00:00,11,249.92,9,22.72,6,5,0
2026-06-11 12:00:00,38,831.44,34,21.88,21,17,0
2026-06-11 13:00:00,17,417.69,15,24.57,6,11,0
2026-06-11 14:00:00,33,693.66,29,21.02,10,23,1
2026-06-11 15:00:00,9,189.27,8,21.03,3,6,0
2026-06-11 16:00:00,9,225.45,8,25.05,3,6,0
2026-06-11 17:00:00,7,140.56,6,20.08,3,4,0
2026-06-11 18:00:00,9,252.63,8,28.07,4,5,0
2026-06-11 19:00:00,18,354.06,16,19.67,7,11,0
2026-06-11 20:00:00,22,530.42,19,24.11,9,13,0
2026-06-11 21:00:00,20,399.0,18,19.95,10,10,0
2026-06-11 22:00:00,14,257.32,12,18.38,5,9,0
2026-06-12 11:00:00,13,276.25,11,21.25,6,7,0
2026-06-12 12:00:00,44,982.52,39,22.33,24,20,0
2026-06-12 13:00:00,33,764.61,29,23.17,11,22,0
2026-06-12 14:00:00,36,1028.16,32,28.56,14,22,0
2026-06-12 15:00:00,30,584.4,27,19.48,13,17,0
2026-06-12 16:00:00,27,586.17,24,21.71,12,15,0
2026-06-12 17:00:00,25,540.0,22,21.6,12,13,0
2026-06-12 18:00:00,24,418.56,21,17.44,7,17,0
2026-06-12 19:00:00,30,648.9,27,21.63,12,18,0
2026-06-12 20:00:00,36,794.88,32,22.08,19,17,0
2026-06-12 21:00:00,34,800.02,30,23.53,17,17,0
2026-06-12 22:00:00,31,658.44,27,21.24,13,18,0
2026-06-13 11:00:00,20,491.0,18,24.55,11,9,0
2026-06-13 12:00:00,29,609.58,26,21.02,12,17,0
2026-06-13 13:00:00,24,591.36,21,24.64,13,11,0
2026-06-13 14:00:00,30,637.8,27,21.26,17,13,0
2026-06-13 15:00:00,33,818.4,29,24.8,16,17,1
2026-06-13 16:00:00,26,482.3,23,18.55,13,13,0
2026-06-13 17:00:00,36,842.76,32,23.41,18,18,0
2026-06-13 18:00:00,21,540.75,18,25.75,12,9,0
2026-06-13 19:00:00,34,728.28,30,21.42,11,23,0
2026-06-13 20:00:00,34,741.2,30,21.8,17,17,0
2026-06-13 21:00:00,44,943.8,39,21.45,20,24,1
2026-06-13 22:00:00,22,433.62,19,19.71,7,15,0
2026-06-14 11:00:00,25,494.0,22,19.76,9,16,0
2026-06-14 12:00:00,36,920.88,32,25.58,20,16,0
2026-06-14 13:00:00,34,762.62,30,22.43,16,18,0
2026-06-14 14:00:00,39,827.19,35,21.21,23,16,0
2026-06-14 15:00:00,19,283.29,17,14.91,10,9,0
2026-06-14 16:00:00,25,505.25,22,20.21,7,18,0
2026-06-14 17:00:00,23,366.16,20,15.92,12,11,0
2026-06-14 18:00:00,33,615.45,29,18.65,12,21,1
2026-06-14 19:00:00,28,531.72,25,18.99,10,18,0
2026-06-14 20:00:00,29,703.54,26,24.26,11,18,0
2026-06-14 21:00:00,39,866.58,35,22.22,16,23,0
2026-06-14 22:00:00,33,688.05,29,20.85,19,14,0
2026-06-15 11:00:00,5,96.65,4,19.33,2,3,0
2026-06-15 12:00:00,19,361.76,17,19.04,6,13,0
2026-06-15 13:00:00,19,448.59,17,23.61,6,13,0
2026-06-15 14:00:00,34,886.72,30,26.08,19,15,0
2026-06-15 15:00:00,17,462.91,15,27.23,6,11,0
2026-06-15 16:00:00,5,101.75,4,20.35,1,4,0
2026-06-15 17:00:00,10,178.2,9,17.82,4,6,0
2026-06-15 18:00:00,5,82.1,4,16.42,2,3,0
2026-06-15 19:00:00,19,432.82,17,22.78,9,10,0
2026-06-15 20:00:00,34,790.16,30,23.24,19,15,1
2026-06-15 21:00:00,22,374.22,19,17.01,9,13,0
2026-06-15 22:00:00,10,215.5,9,21.55,5,5,0
2026-06-16 11:00:00,6,124.2,5,20.7,3,3,0
2026-06-16 12:00:00,21,502.11,18,23.91,10,11,0
2026-06-16 13:00:00,29,666.13,26,22.97,9,20,0
2026-06-16 14:00:00,21,506.52,18,24.12,11,10,0
2026-06-16 15:00:00,15,279.6,13,18.64,6,9,0
2026-06-16 16:00:00,9,172.26,8,19.14,3,6,0
2026-06-16 17:00:00,5,115.3,4,23.06,2,3,0
2026-06-16 18:00:00,31,711.14,27,22.94,12,19,0
2026-06-16 19:00:00,16,353.12,14,22.07,9,7,0
2026-06-16 20:00:00,18,412.74,16,22.93,5,13,0
2026-06-16 21:00:00,22,418.0,19,19.0,10,12,0
2026-06-16 22:00:00,9,218.07,8,24.23,4,5,0
2026-06-17 11:00:00,5,122.6,4,24.52,1,4,0
2026-06-17 12:00:00,9,167.58,8,18.62,4,5,0
2026-06-17 13:00:00,19,397.29,17,20.91,8,11,0
2026-06-17 14:00:00,27,732.51,24,27.13,14,13,1
2026-06-17 15:00:00,5,115.9,4,23.18,2,3,0
2026-06-17 16:00:00,18,437.76,16,24.32,7,11,0
2026-06-17 17:00:00,11,246.95,9,22.45,5,6,0
2026-06-17 18:00:00,27,549.18,24,20.34,12,15,0
2026-06-17 19:00:00,12,296.76,10,24.73,6,6,0
2026-06-17 20:00:00,13,280.15,11,21.55,6,7,0
2026-06-17 21:00:00,18,401.58,16,22.31,5,13,0
2026-06-17 22:00:00,32,654.72,28,20.46,17,15,0
2026-06-18 11:00:00,5,98.8,4,19.76,2,3,0
2026-06-18 12:00:00,15,410.55,13,27.37,7,8,0
2026-06-18 13:00:00,25,442.75,22,17.71,11,14,0
2026-06-18 14:00:00,18,341.64,16,18.98,7,11,0
2026-06-18 15:00:00,6,121.02,5,20.17,2,4,0
2026-06-18 16:00:00,5,122.15,4,24.43,2,3,0
2026-06-18 17:00:00,11,247.39,9,22.49,4,7,0
2026-06-18 18:00:00,16,387.36,14,24.21,9,7,0
2026-06-18 19:00:00,19,428.45,17,22.55,7,12,0
2026-06-18 20:00:00,24,588.0,21,24.5,12,12,0
2026-06-18 21:00:00,8,184.48,7,23.06,2,6,0
2026-06-18 22:00:00,10,237.5,9,23.75,5,5,0
2026-06-19 11:00:00,25,625.0,22,25.0,13,12,1
2026-06-19 12:00:00,38,786.98,34,20.71,15,23,0
2026-06-19 13:00:00,53,984.74,47,18.58,19,34,1
2026-06-19 14:00:00,35,704.55,31,20.13,18,17,0
2026-06-19 15:00:00,20,430.4,18,21.52,7,13,0
2026-06-19 16:00:00,38,638.4,34,16.8,22,16,0
2026-06-19 17:00:00,38,1112.64,34,29.28,17,21,1
2026-06-19 18:00:00,19,492.29,17,25.91,5,14,0
2026-06-19 19:00:00,39,678.99,35,17.41,13,26,0
2026-06-19 20:00:00,20,366.2,18,18.31,11,9,0
2026-06-19 21:00:00,45,1068.3,40,23.74,24,21,1
2026-06-19 22:00:00,30,648.6,27,21.62,17,13,0
2026-06-20 11:00:00,24,425.28,21,17.72,13,11,0
2026-06-20 12:00:00,41,1020.08,36,24.88,21,20,0
2026-06-20 13:00:00,37,804.01,33,21.73,17,20,0
2026-06-20 14:00:00,41,756.04,36,18.44,15,26,0
2026-06-20 15:00:00,25,686.75,22,27.47,12,13,0
2026-06-20 16:00:00,18,510.3,16,28.35,8,10,0
2026-06-20 17:00:00,49,1169.14,44,23.86,18,31,0
2026-06-20 18:00:00,31,779.65,27,25.15,15,16,0
2026-06-20 19:00:00,27,467.1,24,17.3,10,17,0
2026-06-20 20:00:00,32,730.56,28,22.83,18,14,0
2026-06-20 21:00:00,40,844.8,36,21.12,13,27,0
2026-06-20 22:00:00,30,733.2,27,24.44,15,15,1
2026-06-21 11:00:00,33,759.66,29,23.02,16,17,1
2026-06-21 12:00:00,34,670.14,30,19.71,11,23,0
2026-06-21 13:00:00,31,570.4,27,18.4,14,17,0
2026-06-21 14:00:00,40,826.0,36,20.65,14,26,0
2026-06-21 15:00:00,31,513.36,27,16.56,14,17,1
2026-06-21 16:00:00,15,278.55,13,18.57,7,8,0
2026-06-21 17:00:00,26,572.52,23,22.02,10,16,0
2026-06-21 18:00:00,33,613.47,29,18.59,13,20,1
2026-06-21 19:00:00,35,687.4,31,19.64,11,24,1
2026-06-21 20:00:00,30,720.3,27,24.01,15,15,0
2026-06-21 21:00:00,27,559.98,24,20.74,11,16,0
2026-06-21 22:00:00,19,382.85,17,20.15,6,13,0
2026-06-22 11:00:00,20,381.6,18,19.08,8,12,0
2026-06-22 12:00:00,14,425.6,12,30.4,8,6,0
2026-06-22 13:00:00,22,514.14,19,23.37,10,12,0
2026-06-22 14:00:00,15,420.9,13,28.06,7,8,0
2026-06-22 15:00:00,5,125.55,4,25.11,1,4,0
2026-06-22 16:00:00,15,394.65,13,26.31,6,9,0
2026-06-22 17:00:00,17,358.7,15,21.1,7,10,0
2026-06-22 18:00:00,8,176.24,7,22.03,2,6,0
2026-06-22 19:00:00,14,292.74,12,20.91,8,6,0
2026-06-22 20:00:00,25,445.25,22,17.81,11,14,0
2026-06-22 21:00:00,23,563.5,20,24.5,10,13,0
2026-06-22 22:00:00,7,172.76,6,24.68,3,4,0
2026-06-23 11:00:00,5,92.1,4,18.42,1,4,0
2026-06-23 12:00:00,17,388.62,15,22.86,10,7,0
2026-06-23 13:00:00,29,642.06,26,22.14,13,16,0
2026-06-23 14:00:00,17,432.48,15,25.44,9,8,0
2026-06-23 15:00:00,5,87.35,4,17.47,2,3,0
2026-06-23 16:00:00,19,371.83,17,19.57,6,13,0
2026-06-23 17:00:00,17,440.98,15,25.94,9,8,0
2026-06-23 18:00:00,14,356.02,12,25.43,8,6,0
2026-06-23 19:00:00,30,759.0,27,25.3,17,13,0
2026-06-23 20:00:00,9,206.73,8,22.97,4,5,0
2026-06-23 21:00:00,20,405.0,18,20.25,8,12,0
2026-06-23 22:00:00,8,172.8,7,21.6,4,4,0
2026-06-24 11:00:00,5,129.2,4,25.84,2,3,0
2026-06-24 12:00:00,18,544.14,16,30.23,9,9,0
2026-06-24 13:00:00,16,330.56,14,20.66,7,9,0
2026-06-24 14:00:00,18,351.54,16,19.53,8,10,0
2026-06-24 15:00:00,8,161.36,7,20.17,4,4,0
2026-06-24 16:00:00,13,267.28,11,20.56,5,8,0
2026-06-24 17:00:00,5,104.4,4,20.88,1,4,0
2026-06-24 18:00:00,19,402.61,17,21.19,11,8,1
2026-06-24 19:00:00,34,797.98,30,23.47,10,24,0
2026-06-24 20:00:00,13,311.61,11,23.97,4,9,0
2026-06-24 21:00:00,21,495.39,18,23.59,8,13,0
2026-06-24 22:00:00,10,262.3,9,26.23,4,6,0
2026-06-25 11:00:00,9,196.65,8,21.85,3,6,0
2026-06-25 12:00:00,16,362.4,14,22.65,9,7,0
2026-06-25 13:00:00,15,283.95,13,18.93,7,8,0
2026-06-25 14:00:00,29,631.62,26,21.78,11,18,0
2026-06-25 15:00:00,12,243.0,10,20.25,5,7,0
2026-06-25 16:00:00,20,426.2,18,21.31,6,14,0
2026-06-25 17:00:00,17,399.84,15,23.52,5,12,0
2026-06-25 18:00:00,10,230.1,9,23.01,4,6,0
2026-06-25 19:00:00,19,300.2,17,15.8,10,9,0
2026-06-25 20:00:00,19,433.01,17,22.79,7,12,0
2026-06-25 21:00:00,30,607.5,27,20.25,12,18,0
2026-06-25 22:00:00,13,320.32,11,24.64,7,6,0
2026-06-26 11:00:00,47,1180.64,42,25.12,14,33,1
2026-06-26 12:00:00,39,900.9,35,23.1,22,17,0
2026-06-26 13:00:00,41,922.91,36,22.51,18,23,0
2026-06-26 14:00:00,35,780.5,31,22.3,20,15,0
2026-06-26 15:00:00,31,690.06,27,22.26,10,21,0
2026-06-26 16:00:00,27,553.23,24,20.49,13,14,0
2026-06-26 17:00:00,54,1141.02,48,21.13,26,28,0
2026-06-26 18:00:00,25,620.75,22,24.83,11,14,0
2026-06-26 19:00:00,52,1164.28,46,22.39,18,34,1
2026-06-26 20:00:00,38,746.32,34,19.64,17,21,0
2026-06-26 21:00:00,36,875.52,32,24.32,18,18,0
2026-06-26 22:00:00,32,587.2,28,18.35,18,14,0
2026-06-27 11:00:00,20,346.0,18,17.3,8,12,0
2026-06-27 12:00:00,24,447.84,21,18.66,11,13,1
2026-06-27 13:00:00,39,890.76,35,22.84,22,17,0
2026-06-27 14:00:00,30,772.8,27,25.76,10,20,0
2026-06-27 15:00:00,45,1113.75,40,24.75,22,23,0
2026-06-27 16:00:00,26,590.72,23,22.72,15,11,0
2026-06-27 17:00:00,26,534.04,23,20.54,13,13,0
2026-06-27 18:00:00,31,513.67,27,16.57,9,22,0
2026-06-27 19:00:00,35,694.05,31,19.83,19,16,0
2026-06-27 20:00:00,27,604.8,24,22.4,9,18,0
2026-06-27 21:00:00,35,690.2,31,19.72,10,25,0
2026-06-27 22:00:00,35,896.35,31,25.61,10,25,0
2026-06-28 11:00:00,27,656.1,24,24.3,9,18,0
2026-06-28 12:00:00,53,1178.19,47,22.23,29,24,0
2026-06-28 13:00:00,36,825.84,32,22.94,18,18,0
2026-06-28 14:00:00,40,950.8,36,23.77,19,21,0
2026-06-28 15:00:00,49,1040.27,44,21.23,14,35,0
2026-06-28 16:00:00,25,555.0,22,22.2,14,11,0
2026-06-28 17:00:00,22,368.72,19,16.76,8,14,0
2026-06-28 18:00:00,15,279.9,13,18.66,7,8,0
2026-06-28 19:00:00,30,598.2,27,19.94,15,15,0
2026-06-28 20:00:00,35,893.2,31,25.52,17,18,0
2026-06-28 21:00:00,57,1191.87,51,20.91,21,36,1
2026-06-28 22:00:00,27,655.56,24,24.28,12,15,0
2026-06-29 11:00:00,12,261.72,10,21.81,5,7,0
2026-06-29 12:00:00,22,394.46,19,17.93,10,12,0
2026-06-29 13:00:00,32,786.24,28,24.57,15,17,1
2026-06-29 14:00:00,32,686.4,28,21.45,17,15,1
2026-06-29 15:00:00,9,165.69,8,18.41,3,6,0
2026-06-29 16:00:00,9,206.73,8,22.97,2,7,0
2026-06-29 17:00:00,12,270.12,10,22.51,4,8,0
2026-06-29 18:00:00,5,99.45,4,19.89,1,4,1
2026-06-29 19:00:00,22,551.32,19,25.06,7,15,0
2026-06-29 20:00:00,17,457.13,15,26.89,9,8,0
2026-06-29 21:00:00,19,412.49,17,21.71,10,9,0
2026-06-29 22:00:00,25,512.75,22,20.51,7,18,0
